strategy,total_demand_veh_h,demand_ratio,seed,metric,lower_is_better,uncontrolled_value,strategy_value,paired_delta
cooperative_limited,800,1:1,1,total_time_spent_s,True,172937.0,168802.0,-4135.0
cooperative_limited,800,1:1,1,network_time_spent_s,True,105972.0,105459.0,-513.0
cooperative_limited,800,1:1,1,insertion_wait_time_s,True,66965.0,63343.0,-3622.0
cooperative_limited,800,1:1,1,unfinished_vehicles,True,0.0,0.0,0.0
cooperative_limited,800,1:1,1,throughput_veh_h,False,800.0,800.0,0.0
ramp_fixed_4s,800,1:1,1,total_time_spent_s,True,172937.0,188115.0,15178.0
ramp_fixed_4s,800,1:1,1,network_time_spent_s,True,105972.0,113814.0,7842.0
ramp_fixed_4s,800,1:1,1,insertion_wait_time_s,True,66965.0,74301.0,7336.0
ramp_fixed_4s,800,1:1,1,unfinished_vehicles,True,0.0,20.0,20.0
ramp_fixed_4s,800,1:1,1,throughput_veh_h,False,800.0,760.0,-40.0
ramp_on_demand_4s,800,1:1,1,total_time_spent_s,True,172937.0,172937.0,0.0
ramp_on_demand_4s,800,1:1,1,network_time_spent_s,True,105972.0,105972.0,0.0
ramp_on_demand_4s,800,1:1,1,insertion_wait_time_s,True,66965.0,66965.0,0.0
ramp_on_demand_4s,800,1:1,1,unfinished_vehicles,True,0.0,0.0,0.0
ramp_on_demand_4s,800,1:1,1,throughput_veh_h,False,800.0,800.0,0.0
cooperative_limited,800,1:1,2,total_time_spent_s,True,163705.0,167010.0,3305.0
cooperative_limited,800,1:1,2,network_time_spent_s,True,104328.0,105615.0,1287.0
cooperative_limited,800,1:1,2,insertion_wait_time_s,True,59377.0,61395.0,2018.0
cooperative_limited,800,1:1,2,unfinished_vehicles,True,0.0,0.0,0.0
cooperative_limited,800,1:1,2,throughput_veh_h,False,800.0,800.0,0.0
ramp_fixed_4s,800,1:1,2,total_time_spent_s,True,163705.0,188356.0,24651.0
ramp_fixed_4s,800,1:1,2,network_time_spent_s,True,104328.0,114728.0,10400.0
ramp_fixed_4s,800,1:1,2,insertion_wait_time_s,True,59377.0,73628.0,14251.0
ramp_fixed_4s,800,1:1,2,unfinished_vehicles,True,0.0,19.0,19.0
ramp_fixed_4s,800,1:1,2,throughput_veh_h,False,800.0,762.0,-38.0
ramp_on_demand_4s,800,1:1,2,total_time_spent_s,True,163705.0,170573.0,6868.0
ramp_on_demand_4s,800,1:1,2,network_time_spent_s,True,104328.0,106397.0,2069.0
ramp_on_demand_4s,800,1:1,2,insertion_wait_time_s,True,59377.0,64176.0,4799.0
ramp_on_demand_4s,800,1:1,2,unfinished_vehicles,True,0.0,0.0,0.0
ramp_on_demand_4s,800,1:1,2,throughput_veh_h,False,800.0,800.0,0.0
cooperative_limited,800,1:1,3,total_time_spent_s,True,160403.0,159374.0,-1029.0
cooperative_limited,800,1:1,3,network_time_spent_s,True,102745.0,102163.0,-582.0
cooperative_limited,800,1:1,3,insertion_wait_time_s,True,57658.0,57211.0,-447.0
cooperative_limited,800,1:1,3,unfinished_vehicles,True,0.0,0.0,0.0
cooperative_limited,800,1:1,3,throughput_veh_h,False,800.0,800.0,0.0
ramp_fixed_4s,800,1:1,3,total_time_spent_s,True,160403.0,189861.0,29458.0
ramp_fixed_4s,800,1:1,3,network_time_spent_s,True,102745.0,113253.0,10508.0
ramp_fixed_4s,800,1:1,3,insertion_wait_time_s,True,57658.0,76608.0,18950.0
ramp_fixed_4s,800,1:1,3,unfinished_vehicles,True,0.0,20.0,20.0
ramp_fixed_4s,800,1:1,3,throughput_veh_h,False,800.0,760.0,-40.0
ramp_on_demand_4s,800,1:1,3,total_time_spent_s,True,160403.0,167157.0,6754.0
ramp_on_demand_4s,800,1:1,3,network_time_spent_s,True,102745.0,103374.0,629.0
ramp_on_demand_4s,800,1:1,3,insertion_wait_time_s,True,57658.0,63783.0,6125.0
ramp_on_demand_4s,800,1:1,3,unfinished_vehicles,True,0.0,0.0,0.0
ramp_on_demand_4s,800,1:1,3,throughput_veh_h,False,800.0,800.0,0.0
cooperative_limited,800,1:1,4,total_time_spent_s,True,169416.0,177924.0,8508.0
cooperative_limited,800,1:1,4,network_time_spent_s,True,105460.0,107317.0,1857.0
cooperative_limited,800,1:1,4,insertion_wait_time_s,True,63956.0,70607.0,6651.0
cooperative_limited,800,1:1,4,unfinished_vehicles,True,0.0,0.0,0.0
cooperative_limited,800,1:1,4,throughput_veh_h,False,800.0,800.0,0.0
ramp_fixed_4s,800,1:1,4,total_time_spent_s,True,169416.0,189017.0,19601.0
ramp_fixed_4s,800,1:1,4,network_time_spent_s,True,105460.0,115300.0,9840.0
ramp_fixed_4s,800,1:1,4,insertion_wait_time_s,True,63956.0,73717.0,9761.0
ramp_fixed_4s,800,1:1,4,unfinished_vehicles,True,0.0,24.0,24.0
ramp_fixed_4s,800,1:1,4,throughput_veh_h,False,800.0,752.0,-48.0
ramp_on_demand_4s,800,1:1,4,total_time_spent_s,True,169416.0,169416.0,0.0
ramp_on_demand_4s,800,1:1,4,network_time_spent_s,True,105460.0,105460.0,0.0
ramp_on_demand_4s,800,1:1,4,insertion_wait_time_s,True,63956.0,63956.0,0.0
ramp_on_demand_4s,800,1:1,4,unfinished_vehicles,True,0.0,0.0,0.0
ramp_on_demand_4s,800,1:1,4,throughput_veh_h,False,800.0,800.0,0.0
cooperative_limited,800,1:1,5,total_time_spent_s,True,168145.0,166468.0,-1677.0
cooperative_limited,800,1:1,5,network_time_spent_s,True,105019.0,104866.0,-153.0
cooperative_limited,800,1:1,5,insertion_wait_time_s,True,63126.0,61602.0,-1524.0
cooperative_limited,800,1:1,5,unfinished_vehicles,True,0.0,0.0,0.0
cooperative_limited,800,1:1,5,throughput_veh_h,False,800.0,800.0,0.0
ramp_fixed_4s,800,1:1,5,total_time_spent_s,True,168145.0,191108.0,22963.0
ramp_fixed_4s,800,1:1,5,network_time_spent_s,True,105019.0,115673.0,10654.0
ramp_fixed_4s,800,1:1,5,insertion_wait_time_s,True,63126.0,75435.0,12309.0
ramp_fixed_4s,800,1:1,5,unfinished_vehicles,True,0.0,19.0,19.0
ramp_fixed_4s,800,1:1,5,throughput_veh_h,False,800.0,762.0,-38.0
ramp_on_demand_4s,800,1:1,5,total_time_spent_s,True,168145.0,168145.0,0.0
ramp_on_demand_4s,800,1:1,5,network_time_spent_s,True,105019.0,105019.0,0.0
ramp_on_demand_4s,800,1:1,5,insertion_wait_time_s,True,63126.0,63126.0,0.0
ramp_on_demand_4s,800,1:1,5,unfinished_vehicles,True,0.0,0.0,0.0
ramp_on_demand_4s,800,1:1,5,throughput_veh_h,False,800.0,800.0,0.0
cooperative_limited,800,1:2,1,total_time_spent_s,True,184512.0,195409.0,10897.0
cooperative_limited,800,1:2,1,network_time_spent_s,True,104801.0,106604.0,1803.0
cooperative_limited,800,1:2,1,insertion_wait_time_s,True,79711.0,88805.0,9094.0
cooperative_limited,800,1:2,1,unfinished_vehicles,True,0.0,0.0,0.0
cooperative_limited,800,1:2,1,throughput_veh_h,False,802.0,802.0,0.0
ramp_fixed_4s,800,1:2,1,total_time_spent_s,True,184512.0,199470.0,14958.0
ramp_fixed_4s,800,1:2,1,network_time_spent_s,True,104801.0,111145.0,6344.0
ramp_fixed_4s,800,1:2,1,insertion_wait_time_s,True,79711.0,88325.0,8614.0
ramp_fixed_4s,800,1:2,1,unfinished_vehicles,True,0.0,27.0,27.0
ramp_fixed_4s,800,1:2,1,throughput_veh_h,False,802.0,748.0,-54.0
ramp_on_demand_4s,800,1:2,1,total_time_spent_s,True,184512.0,185312.0,800.0
ramp_on_demand_4s,800,1:2,1,network_time_spent_s,True,104801.0,104560.0,-241.0
ramp_on_demand_4s,800,1:2,1,insertion_wait_time_s,True,79711.0,80752.0,1041.0
ramp_on_demand_4s,800,1:2,1,unfinished_vehicles,True,0.0,0.0,0.0
ramp_on_demand_4s,800,1:2,1,throughput_veh_h,False,802.0,802.0,0.0
cooperative_limited,800,1:2,2,total_time_spent_s,True,206789.0,196879.0,-9910.0
cooperative_limited,800,1:2,2,network_time_spent_s,True,109611.0,108673.0,-938.0
cooperative_limited,800,1:2,2,insertion_wait_time_s,True,97178.0,88206.0,-8972.0
cooperative_limited,800,1:2,2,unfinished_vehicles,True,0.0,0.0,0.0
cooperative_limited,800,1:2,2,throughput_veh_h,False,802.0,802.0,0.0
ramp_fixed_4s,800,1:2,2,total_time_spent_s,True,206789.0,199887.0,-6902.0
ramp_fixed_4s,800,1:2,2,network_time_spent_s,True,109611.0,111780.0,2169.0
ramp_fixed_4s,800,1:2,2,insertion_wait_time_s,True,97178.0,88107.0,-9071.0
ramp_fixed_4s,800,1:2,2,unfinished_vehicles,True,0.0,31.0,31.0
ramp_fixed_4s,800,1:2,2,throughput_veh_h,False,802.0,740.0,-62.0
ramp_on_demand_4s,800,1:2,2,total_time_spent_s,True,206789.0,204170.0,-2619.0
ramp_on_demand_4s,800,1:2,2,network_time_spent_s,True,109611.0,109007.0,-604.0
ramp_on_demand_4s,800,1:2,2,insertion_wait_time_s,True,97178.0,95163.0,-2015.0
ramp_on_demand_4s,800,1:2,2,unfinished_vehicles,True,0.0,0.0,0.0
ramp_on_demand_4s,800,1:2,2,throughput_veh_h,False,802.0,802.0,0.0
cooperative_limited,800,1:2,3,total_time_spent_s,True,205910.0,197117.0,-8793.0
cooperative_limited,800,1:2,3,network_time_spent_s,True,108388.0,107113.0,-1275.0
cooperative_limited,800,1:2,3,insertion_wait_time_s,True,97522.0,90004.0,-7518.0
cooperative_limited,800,1:2,3,unfinished_vehicles,True,0.0,0.0,0.0
cooperative_limited,800,1:2,3,throughput_veh_h,False,802.0,802.0,0.0
ramp_fixed_4s,800,1:2,3,total_time_spent_s,True,205910.0,224257.0,18347.0
ramp_fixed_4s,800,1:2,3,network_time_spent_s,True,108388.0,114285.0,5897.0
ramp_fixed_4s,800,1:2,3,insertion_wait_time_s,True,97522.0,109972.0,12450.0
ramp_fixed_4s,800,1:2,3,unfinished_vehicles,True,0.0,48.0,48.0
ramp_fixed_4s,800,1:2,3,throughput_veh_h,False,802.0,706.0,-96.0
ramp_on_demand_4s,800,1:2,3,total_time_spent_s,True,205910.0,170989.0,-34921.0
ramp_on_demand_4s,800,1:2,3,network_time_spent_s,True,108388.0,100714.0,-7674.0
ramp_on_demand_4s,800,1:2,3,insertion_wait_time_s,True,97522.0,70275.0,-27247.0
ramp_on_demand_4s,800,1:2,3,unfinished_vehicles,True,0.0,0.0,0.0
ramp_on_demand_4s,800,1:2,3,throughput_veh_h,False,802.0,802.0,0.0
cooperative_limited,800,1:2,4,total_time_spent_s,True,198098.0,198572.0,474.0
cooperative_limited,800,1:2,4,network_time_spent_s,True,107472.0,107128.0,-344.0
cooperative_limited,800,1:2,4,insertion_wait_time_s,True,90626.0,91444.0,818.0
cooperative_limited,800,1:2,4,unfinished_vehicles,True,0.0,0.0,0.0
cooperative_limited,800,1:2,4,throughput_veh_h,False,802.0,802.0,0.0
ramp_fixed_4s,800,1:2,4,total_time_spent_s,True,198098.0,222986.0,24888.0
ramp_fixed_4s,800,1:2,4,network_time_spent_s,True,107472.0,114616.0,7144.0
ramp_fixed_4s,800,1:2,4,insertion_wait_time_s,True,90626.0,108370.0,17744.0
ramp_fixed_4s,800,1:2,4,unfinished_vehicles,True,0.0,44.0,44.0
ramp_fixed_4s,800,1:2,4,throughput_veh_h,False,802.0,714.0,-88.0
ramp_on_demand_4s,800,1:2,4,total_time_spent_s,True,198098.0,164025.0,-34073.0
ramp_on_demand_4s,800,1:2,4,network_time_spent_s,True,107472.0,97196.0,-10276.0
ramp_on_demand_4s,800,1:2,4,insertion_wait_time_s,True,90626.0,66829.0,-23797.0
ramp_on_demand_4s,800,1:2,4,unfinished_vehicles,True,0.0,0.0,0.0
ramp_on_demand_4s,800,1:2,4,throughput_veh_h,False,802.0,802.0,0.0
cooperative_limited,800,1:2,5,total_time_spent_s,True,190240.0,181346.0,-8894.0
cooperative_limited,800,1:2,5,network_time_spent_s,True,106392.0,104405.0,-1987.0
cooperative_limited,800,1:2,5,insertion_wait_time_s,True,83848.0,76941.0,-6907.0
cooperative_limited,800,1:2,5,unfinished_vehicles,True,0.0,0.0,0.0
cooperative_limited,800,1:2,5,throughput_veh_h,False,802.0,802.0,0.0
ramp_fixed_4s,800,1:2,5,total_time_spent_s,True,190240.0,179899.0,-10341.0
ramp_fixed_4s,800,1:2,5,network_time_spent_s,True,106392.0,105675.0,-717.0
ramp_fixed_4s,800,1:2,5,insertion_wait_time_s,True,83848.0,74224.0,-9624.0
ramp_fixed_4s,800,1:2,5,unfinished_vehicles,True,0.0,22.0,22.0
ramp_fixed_4s,800,1:2,5,throughput_veh_h,False,802.0,758.0,-44.0
ramp_on_demand_4s,800,1:2,5,total_time_spent_s,True,190240.0,197611.0,7371.0
ramp_on_demand_4s,800,1:2,5,network_time_spent_s,True,106392.0,107069.0,677.0
ramp_on_demand_4s,800,1:2,5,insertion_wait_time_s,True,83848.0,90542.0,6694.0
ramp_on_demand_4s,800,1:2,5,unfinished_vehicles,True,0.0,0.0,0.0
ramp_on_demand_4s,800,1:2,5,throughput_veh_h,False,802.0,802.0,0.0
cooperative_limited,800,1:3,1,total_time_spent_s,True,100346.0,179548.0,79202.0
cooperative_limited,800,1:3,1,network_time_spent_s,True,82632.0,101768.0,19136.0
cooperative_limited,800,1:3,1,insertion_wait_time_s,True,17714.0,77780.0,60066.0
cooperative_limited,800,1:3,1,unfinished_vehicles,True,0.0,0.0,0.0
cooperative_limited,800,1:3,1,throughput_veh_h,False,800.0,800.0,0.0
ramp_fixed_4s,800,1:3,1,total_time_spent_s,True,100346.0,88832.0,-11514.0
ramp_fixed_4s,800,1:3,1,network_time_spent_s,True,82632.0,78311.0,-4321.0
ramp_fixed_4s,800,1:3,1,insertion_wait_time_s,True,17714.0,10521.0,-7193.0
ramp_fixed_4s,800,1:3,1,unfinished_vehicles,True,0.0,0.0,0.0
ramp_fixed_4s,800,1:3,1,throughput_veh_h,False,800.0,800.0,0.0
ramp_on_demand_4s,800,1:3,1,total_time_spent_s,True,100346.0,107858.0,7512.0
ramp_on_demand_4s,800,1:3,1,network_time_spent_s,True,82632.0,86377.0,3745.0
ramp_on_demand_4s,800,1:3,1,insertion_wait_time_s,True,17714.0,21481.0,3767.0
ramp_on_demand_4s,800,1:3,1,unfinished_vehicles,True,0.0,0.0,0.0
ramp_on_demand_4s,800,1:3,1,throughput_veh_h,False,800.0,800.0,0.0
cooperative_limited,800,1:3,2,total_time_spent_s,True,114874.0,169422.0,54548.0
cooperative_limited,800,1:3,2,network_time_spent_s,True,85329.0,100135.0,14806.0
cooperative_limited,800,1:3,2,insertion_wait_time_s,True,29545.0,69287.0,39742.0
cooperative_limited,800,1:3,2,unfinished_vehicles,True,0.0,0.0,0.0
cooperative_limited,800,1:3,2,throughput_veh_h,False,800.0,800.0,0.0
ramp_fixed_4s,800,1:3,2,total_time_spent_s,True,114874.0,128569.0,13695.0
ramp_fixed_4s,800,1:3,2,network_time_spent_s,True,85329.0,91181.0,5852.0
ramp_fixed_4s,800,1:3,2,insertion_wait_time_s,True,29545.0,37388.0,7843.0
ramp_fixed_4s,800,1:3,2,unfinished_vehicles,True,0.0,0.0,0.0
ramp_fixed_4s,800,1:3,2,throughput_veh_h,False,800.0,800.0,0.0
ramp_on_demand_4s,800,1:3,2,total_time_spent_s,True,114874.0,107335.0,-7539.0
ramp_on_demand_4s,800,1:3,2,network_time_spent_s,True,85329.0,83866.0,-1463.0
ramp_on_demand_4s,800,1:3,2,insertion_wait_time_s,True,29545.0,23469.0,-6076.0
ramp_on_demand_4s,800,1:3,2,unfinished_vehicles,True,0.0,0.0,0.0
ramp_on_demand_4s,800,1:3,2,throughput_veh_h,False,800.0,800.0,0.0
cooperative_limited,800,1:3,3,total_time_spent_s,True,115075.0,174893.0,59818.0
cooperative_limited,800,1:3,3,network_time_spent_s,True,88464.0,101559.0,13095.0
cooperative_limited,800,1:3,3,insertion_wait_time_s,True,26611.0,73334.0,46723.0
cooperative_limited,800,1:3,3,unfinished_vehicles,True,0.0,0.0,0.0
cooperative_limited,800,1:3,3,throughput_veh_h,False,800.0,800.0,0.0
ramp_fixed_4s,800,1:3,3,total_time_spent_s,True,115075.0,120605.0,5530.0
ramp_fixed_4s,800,1:3,3,network_time_spent_s,True,88464.0,92145.0,3681.0
ramp_fixed_4s,800,1:3,3,insertion_wait_time_s,True,26611.0,28460.0,1849.0
ramp_fixed_4s,800,1:3,3,unfinished_vehicles,True,0.0,0.0,0.0
ramp_fixed_4s,800,1:3,3,throughput_veh_h,False,800.0,800.0,0.0
ramp_on_demand_4s,800,1:3,3,total_time_spent_s,True,115075.0,116652.0,1577.0
ramp_on_demand_4s,800,1:3,3,network_time_spent_s,True,88464.0,88478.0,14.0
ramp_on_demand_4s,800,1:3,3,insertion_wait_time_s,True,26611.0,28174.0,1563.0
ramp_on_demand_4s,800,1:3,3,unfinished_vehicles,True,0.0,0.0,0.0
ramp_on_demand_4s,800,1:3,3,throughput_veh_h,False,800.0,800.0,0.0
cooperative_limited,800,1:3,4,total_time_spent_s,True,120820.0,192755.0,71935.0
cooperative_limited,800,1:3,4,network_time_spent_s,True,91693.0,103520.0,11827.0
cooperative_limited,800,1:3,4,insertion_wait_time_s,True,29127.0,89235.0,60108.0
cooperative_limited,800,1:3,4,unfinished_vehicles,True,0.0,0.0,0.0
cooperative_limited,800,1:3,4,throughput_veh_h,False,800.0,800.0,0.0
ramp_fixed_4s,800,1:3,4,total_time_spent_s,True,120820.0,132134.0,11314.0
ramp_fixed_4s,800,1:3,4,network_time_spent_s,True,91693.0,97313.0,5620.0
ramp_fixed_4s,800,1:3,4,insertion_wait_time_s,True,29127.0,34821.0,5694.0
ramp_fixed_4s,800,1:3,4,unfinished_vehicles,True,0.0,0.0,0.0
ramp_fixed_4s,800,1:3,4,throughput_veh_h,False,800.0,800.0,0.0
ramp_on_demand_4s,800,1:3,4,total_time_spent_s,True,120820.0,121050.0,230.0
ramp_on_demand_4s,800,1:3,4,network_time_spent_s,True,91693.0,91193.0,-500.0
ramp_on_demand_4s,800,1:3,4,insertion_wait_time_s,True,29127.0,29857.0,730.0
ramp_on_demand_4s,800,1:3,4,unfinished_vehicles,True,0.0,0.0,0.0
ramp_on_demand_4s,800,1:3,4,throughput_veh_h,False,800.0,800.0,0.0
cooperative_limited,800,1:3,5,total_time_spent_s,True,127964.0,170220.0,42256.0
cooperative_limited,800,1:3,5,network_time_spent_s,True,90469.0,100882.0,10413.0
cooperative_limited,800,1:3,5,insertion_wait_time_s,True,37495.0,69338.0,31843.0
cooperative_limited,800,1:3,5,unfinished_vehicles,True,0.0,0.0,0.0
cooperative_limited,800,1:3,5,throughput_veh_h,False,800.0,800.0,0.0
ramp_fixed_4s,800,1:3,5,total_time_spent_s,True,127964.0,109658.0,-18306.0
ramp_fixed_4s,800,1:3,5,network_time_spent_s,True,90469.0,86172.0,-4297.0
ramp_fixed_4s,800,1:3,5,insertion_wait_time_s,True,37495.0,23486.0,-14009.0
ramp_fixed_4s,800,1:3,5,unfinished_vehicles,True,0.0,0.0,0.0
ramp_fixed_4s,800,1:3,5,throughput_veh_h,False,800.0,800.0,0.0
ramp_on_demand_4s,800,1:3,5,total_time_spent_s,True,127964.0,121872.0,-6092.0
ramp_on_demand_4s,800,1:3,5,network_time_spent_s,True,90469.0,88766.0,-1703.0
ramp_on_demand_4s,800,1:3,5,insertion_wait_time_s,True,37495.0,33106.0,-4389.0
ramp_on_demand_4s,800,1:3,5,unfinished_vehicles,True,0.0,0.0,0.0
ramp_on_demand_4s,800,1:3,5,throughput_veh_h,False,800.0,800.0,0.0
cooperative_limited,800,1:4,1,total_time_spent_s,True,25288.0,25288.0,0.0
cooperative_limited,800,1:4,1,network_time_spent_s,True,25288.0,25288.0,0.0
cooperative_limited,800,1:4,1,insertion_wait_time_s,True,0.0,0.0,0.0
cooperative_limited,800,1:4,1,unfinished_vehicles,True,0.0,0.0,0.0
cooperative_limited,800,1:4,1,throughput_veh_h,False,800.0,800.0,0.0
ramp_fixed_4s,800,1:4,1,total_time_spent_s,True,25288.0,28034.0,2746.0
ramp_fixed_4s,800,1:4,1,network_time_spent_s,True,25288.0,28034.0,2746.0
ramp_fixed_4s,800,1:4,1,insertion_wait_time_s,True,0.0,0.0,0.0
ramp_fixed_4s,800,1:4,1,unfinished_vehicles,True,0.0,0.0,0.0
ramp_fixed_4s,800,1:4,1,throughput_veh_h,False,800.0,800.0,0.0
ramp_on_demand_4s,800,1:4,1,total_time_spent_s,True,25288.0,27103.0,1815.0
ramp_on_demand_4s,800,1:4,1,network_time_spent_s,True,25288.0,27103.0,1815.0
ramp_on_demand_4s,800,1:4,1,insertion_wait_time_s,True,0.0,0.0,0.0
ramp_on_demand_4s,800,1:4,1,unfinished_vehicles,True,0.0,0.0,0.0
ramp_on_demand_4s,800,1:4,1,throughput_veh_h,False,800.0,800.0,0.0
cooperative_limited,800,1:4,2,total_time_spent_s,True,25380.0,25380.0,0.0
cooperative_limited,800,1:4,2,network_time_spent_s,True,25380.0,25380.0,0.0
cooperative_limited,800,1:4,2,insertion_wait_time_s,True,0.0,0.0,0.0
cooperative_limited,800,1:4,2,unfinished_vehicles,True,0.0,0.0,0.0
cooperative_limited,800,1:4,2,throughput_veh_h,False,800.0,800.0,0.0
ramp_fixed_4s,800,1:4,2,total_time_spent_s,True,25380.0,28369.0,2989.0
ramp_fixed_4s,800,1:4,2,network_time_spent_s,True,25380.0,28369.0,2989.0
ramp_fixed_4s,800,1:4,2,insertion_wait_time_s,True,0.0,0.0,0.0
ramp_fixed_4s,800,1:4,2,unfinished_vehicles,True,0.0,0.0,0.0
ramp_fixed_4s,800,1:4,2,throughput_veh_h,False,800.0,800.0,0.0
ramp_on_demand_4s,800,1:4,2,total_time_spent_s,True,25380.0,26936.0,1556.0
ramp_on_demand_4s,800,1:4,2,network_time_spent_s,True,25380.0,26936.0,1556.0
ramp_on_demand_4s,800,1:4,2,insertion_wait_time_s,True,0.0,0.0,0.0
ramp_on_demand_4s,800,1:4,2,unfinished_vehicles,True,0.0,0.0,0.0
ramp_on_demand_4s,800,1:4,2,throughput_veh_h,False,800.0,800.0,0.0
cooperative_limited,800,1:4,3,total_time_spent_s,True,25476.0,25476.0,0.0
cooperative_limited,800,1:4,3,network_time_spent_s,True,25476.0,25476.0,0.0
cooperative_limited,800,1:4,3,insertion_wait_time_s,True,0.0,0.0,0.0
cooperative_limited,800,1:4,3,unfinished_vehicles,True,0.0,0.0,0.0
cooperative_limited,800,1:4,3,throughput_veh_h,False,800.0,800.0,0.0
ramp_fixed_4s,800,1:4,3,total_time_spent_s,True,25476.0,28247.0,2771.0
ramp_fixed_4s,800,1:4,3,network_time_spent_s,True,25476.0,28247.0,2771.0
ramp_fixed_4s,800,1:4,3,insertion_wait_time_s,True,0.0,0.0,0.0
ramp_fixed_4s,800,1:4,3,unfinished_vehicles,True,0.0,0.0,0.0
ramp_fixed_4s,800,1:4,3,throughput_veh_h,False,800.0,800.0,0.0
ramp_on_demand_4s,800,1:4,3,total_time_spent_s,True,25476.0,27218.0,1742.0
ramp_on_demand_4s,800,1:4,3,network_time_spent_s,True,25476.0,27218.0,1742.0
ramp_on_demand_4s,800,1:4,3,insertion_wait_time_s,True,0.0,0.0,0.0
ramp_on_demand_4s,800,1:4,3,unfinished_vehicles,True,0.0,0.0,0.0
ramp_on_demand_4s,800,1:4,3,throughput_veh_h,False,800.0,800.0,0.0
cooperative_limited,800,1:4,4,total_time_spent_s,True,25178.0,25178.0,0.0
cooperative_limited,800,1:4,4,network_time_spent_s,True,25178.0,25178.0,0.0
cooperative_limited,800,1:4,4,insertion_wait_time_s,True,0.0,0.0,0.0
cooperative_limited,800,1:4,4,unfinished_vehicles,True,0.0,0.0,0.0
cooperative_limited,800,1:4,4,throughput_veh_h,False,800.0,800.0,0.0
ramp_fixed_4s,800,1:4,4,total_time_spent_s,True,25178.0,28133.0,2955.0
ramp_fixed_4s,800,1:4,4,network_time_spent_s,True,25178.0,28133.0,2955.0
ramp_fixed_4s,800,1:4,4,insertion_wait_time_s,True,0.0,0.0,0.0
ramp_fixed_4s,800,1:4,4,unfinished_vehicles,True,0.0,0.0,0.0
ramp_fixed_4s,800,1:4,4,throughput_veh_h,False,800.0,800.0,0.0
ramp_on_demand_4s,800,1:4,4,total_time_spent_s,True,25178.0,27140.0,1962.0
ramp_on_demand_4s,800,1:4,4,network_time_spent_s,True,25178.0,27140.0,1962.0
ramp_on_demand_4s,800,1:4,4,insertion_wait_time_s,True,0.0,0.0,0.0
ramp_on_demand_4s,800,1:4,4,unfinished_vehicles,True,0.0,0.0,0.0
ramp_on_demand_4s,800,1:4,4,throughput_veh_h,False,800.0,800.0,0.0
cooperative_limited,800,1:4,5,total_time_spent_s,True,25337.0,25337.0,0.0
cooperative_limited,800,1:4,5,network_time_spent_s,True,25337.0,25337.0,0.0
cooperative_limited,800,1:4,5,insertion_wait_time_s,True,0.0,0.0,0.0
cooperative_limited,800,1:4,5,unfinished_vehicles,True,0.0,0.0,0.0
cooperative_limited,800,1:4,5,throughput_veh_h,False,800.0,800.0,0.0
ramp_fixed_4s,800,1:4,5,total_time_spent_s,True,25337.0,28315.0,2978.0
ramp_fixed_4s,800,1:4,5,network_time_spent_s,True,25337.0,28315.0,2978.0
ramp_fixed_4s,800,1:4,5,insertion_wait_time_s,True,0.0,0.0,0.0
ramp_fixed_4s,800,1:4,5,unfinished_vehicles,True,0.0,0.0,0.0
ramp_fixed_4s,800,1:4,5,throughput_veh_h,False,800.0,800.0,0.0
ramp_on_demand_4s,800,1:4,5,total_time_spent_s,True,25337.0,27310.0,1973.0
ramp_on_demand_4s,800,1:4,5,network_time_spent_s,True,25337.0,27310.0,1973.0
ramp_on_demand_4s,800,1:4,5,insertion_wait_time_s,True,0.0,0.0,0.0
ramp_on_demand_4s,800,1:4,5,unfinished_vehicles,True,0.0,0.0,0.0
ramp_on_demand_4s,800,1:4,5,throughput_veh_h,False,800.0,800.0,0.0
cooperative_limited,800,1:5,1,total_time_spent_s,True,25446.0,25446.0,0.0
cooperative_limited,800,1:5,1,network_time_spent_s,True,25446.0,25446.0,0.0
cooperative_limited,800,1:5,1,insertion_wait_time_s,True,0.0,0.0,0.0
cooperative_limited,800,1:5,1,unfinished_vehicles,True,0.0,0.0,0.0
cooperative_limited,800,1:5,1,throughput_veh_h,False,802.0,802.0,0.0
ramp_fixed_4s,800,1:5,1,total_time_spent_s,True,25446.0,28380.0,2934.0
ramp_fixed_4s,800,1:5,1,network_time_spent_s,True,25446.0,28380.0,2934.0
ramp_fixed_4s,800,1:5,1,insertion_wait_time_s,True,0.0,0.0,0.0
ramp_fixed_4s,800,1:5,1,unfinished_vehicles,True,0.0,0.0,0.0
ramp_fixed_4s,800,1:5,1,throughput_veh_h,False,802.0,802.0,0.0
ramp_on_demand_4s,800,1:5,1,total_time_spent_s,True,25446.0,26882.0,1436.0
ramp_on_demand_4s,800,1:5,1,network_time_spent_s,True,25446.0,26882.0,1436.0
ramp_on_demand_4s,800,1:5,1,insertion_wait_time_s,True,0.0,0.0,0.0
ramp_on_demand_4s,800,1:5,1,unfinished_vehicles,True,0.0,0.0,0.0
ramp_on_demand_4s,800,1:5,1,throughput_veh_h,False,802.0,802.0,0.0
cooperative_limited,800,1:5,2,total_time_spent_s,True,25618.0,25618.0,0.0
cooperative_limited,800,1:5,2,network_time_spent_s,True,25618.0,25618.0,0.0
cooperative_limited,800,1:5,2,insertion_wait_time_s,True,0.0,0.0,0.0
cooperative_limited,800,1:5,2,unfinished_vehicles,True,0.0,0.0,0.0
cooperative_limited,800,1:5,2,throughput_veh_h,False,802.0,802.0,0.0
ramp_fixed_4s,800,1:5,2,total_time_spent_s,True,25618.0,28399.0,2781.0
ramp_fixed_4s,800,1:5,2,network_time_spent_s,True,25618.0,28399.0,2781.0
ramp_fixed_4s,800,1:5,2,insertion_wait_time_s,True,0.0,0.0,0.0
ramp_fixed_4s,800,1:5,2,unfinished_vehicles,True,0.0,0.0,0.0
ramp_fixed_4s,800,1:5,2,throughput_veh_h,False,802.0,802.0,0.0
ramp_on_demand_4s,800,1:5,2,total_time_spent_s,True,25618.0,26778.0,1160.0
ramp_on_demand_4s,800,1:5,2,network_time_spent_s,True,25618.0,26778.0,1160.0
ramp_on_demand_4s,800,1:5,2,insertion_wait_time_s,True,0.0,0.0,0.0
ramp_on_demand_4s,800,1:5,2,unfinished_vehicles,True,0.0,0.0,0.0
ramp_on_demand_4s,800,1:5,2,throughput_veh_h,False,802.0,802.0,0.0
cooperative_limited,800,1:5,3,total_time_spent_s,True,25548.0,25548.0,0.0
cooperative_limited,800,1:5,3,network_time_spent_s,True,25548.0,25548.0,0.0
cooperative_limited,800,1:5,3,insertion_wait_time_s,True,0.0,0.0,0.0
cooperative_limited,800,1:5,3,unfinished_vehicles,True,0.0,0.0,0.0
cooperative_limited,800,1:5,3,throughput_veh_h,False,802.0,802.0,0.0
ramp_fixed_4s,800,1:5,3,total_time_spent_s,True,25548.0,28442.0,2894.0
ramp_fixed_4s,800,1:5,3,network_time_spent_s,True,25548.0,28442.0,2894.0
ramp_fixed_4s,800,1:5,3,insertion_wait_time_s,True,0.0,0.0,0.0
ramp_fixed_4s,800,1:5,3,unfinished_vehicles,True,0.0,0.0,0.0
ramp_fixed_4s,800,1:5,3,throughput_veh_h,False,802.0,802.0,0.0
ramp_on_demand_4s,800,1:5,3,total_time_spent_s,True,25548.0,27047.0,1499.0
ramp_on_demand_4s,800,1:5,3,network_time_spent_s,True,25548.0,27047.0,1499.0
ramp_on_demand_4s,800,1:5,3,insertion_wait_time_s,True,0.0,0.0,0.0
ramp_on_demand_4s,800,1:5,3,unfinished_vehicles,True,0.0,0.0,0.0
ramp_on_demand_4s,800,1:5,3,throughput_veh_h,False,802.0,802.0,0.0
cooperative_limited,800,1:5,4,total_time_spent_s,True,25331.0,25331.0,0.0
cooperative_limited,800,1:5,4,network_time_spent_s,True,25331.0,25331.0,0.0
cooperative_limited,800,1:5,4,insertion_wait_time_s,True,0.0,0.0,0.0
cooperative_limited,800,1:5,4,unfinished_vehicles,True,0.0,0.0,0.0
cooperative_limited,800,1:5,4,throughput_veh_h,False,802.0,802.0,0.0
ramp_fixed_4s,800,1:5,4,total_time_spent_s,True,25331.0,28096.0,2765.0
ramp_fixed_4s,800,1:5,4,network_time_spent_s,True,25331.0,28096.0,2765.0
ramp_fixed_4s,800,1:5,4,insertion_wait_time_s,True,0.0,0.0,0.0
ramp_fixed_4s,800,1:5,4,unfinished_vehicles,True,0.0,0.0,0.0
ramp_fixed_4s,800,1:5,4,throughput_veh_h,False,802.0,802.0,0.0
ramp_on_demand_4s,800,1:5,4,total_time_spent_s,True,25331.0,26218.0,887.0
ramp_on_demand_4s,800,1:5,4,network_time_spent_s,True,25331.0,26218.0,887.0
ramp_on_demand_4s,800,1:5,4,insertion_wait_time_s,True,0.0,0.0,0.0
ramp_on_demand_4s,800,1:5,4,unfinished_vehicles,True,0.0,0.0,0.0
ramp_on_demand_4s,800,1:5,4,throughput_veh_h,False,802.0,802.0,0.0
cooperative_limited,800,1:5,5,total_time_spent_s,True,25515.0,25515.0,0.0
cooperative_limited,800,1:5,5,network_time_spent_s,True,25515.0,25515.0,0.0
cooperative_limited,800,1:5,5,insertion_wait_time_s,True,0.0,0.0,0.0
cooperative_limited,800,1:5,5,unfinished_vehicles,True,0.0,0.0,0.0
cooperative_limited,800,1:5,5,throughput_veh_h,False,802.0,802.0,0.0
ramp_fixed_4s,800,1:5,5,total_time_spent_s,True,25515.0,28320.0,2805.0
ramp_fixed_4s,800,1:5,5,network_time_spent_s,True,25515.0,28320.0,2805.0
ramp_fixed_4s,800,1:5,5,insertion_wait_time_s,True,0.0,0.0,0.0
ramp_fixed_4s,800,1:5,5,unfinished_vehicles,True,0.0,0.0,0.0
ramp_fixed_4s,800,1:5,5,throughput_veh_h,False,802.0,802.0,0.0
ramp_on_demand_4s,800,1:5,5,total_time_spent_s,True,25515.0,26775.0,1260.0
ramp_on_demand_4s,800,1:5,5,network_time_spent_s,True,25515.0,26775.0,1260.0
ramp_on_demand_4s,800,1:5,5,insertion_wait_time_s,True,0.0,0.0,0.0
ramp_on_demand_4s,800,1:5,5,unfinished_vehicles,True,0.0,0.0,0.0
ramp_on_demand_4s,800,1:5,5,throughput_veh_h,False,802.0,802.0,0.0
cooperative_limited,1000,1:1,1,total_time_spent_s,True,259251.0,266340.0,7089.0
cooperative_limited,1000,1:1,1,network_time_spent_s,True,121553.0,122587.0,1034.0
cooperative_limited,1000,1:1,1,insertion_wait_time_s,True,137698.0,143753.0,6055.0
cooperative_limited,1000,1:1,1,unfinished_vehicles,True,0.0,2.0,2.0
cooperative_limited,1000,1:1,1,throughput_veh_h,False,1000.0,996.0,-4.0
ramp_fixed_4s,1000,1:1,1,total_time_spent_s,True,259251.0,290638.0,31387.0
ramp_fixed_4s,1000,1:1,1,network_time_spent_s,True,121553.0,124293.0,2740.0
ramp_fixed_4s,1000,1:1,1,insertion_wait_time_s,True,137698.0,166345.0,28647.0
ramp_fixed_4s,1000,1:1,1,unfinished_vehicles,True,0.0,87.0,87.0
ramp_fixed_4s,1000,1:1,1,throughput_veh_h,False,1000.0,826.0,-174.0
ramp_on_demand_4s,1000,1:1,1,total_time_spent_s,True,259251.0,259251.0,0.0
ramp_on_demand_4s,1000,1:1,1,network_time_spent_s,True,121553.0,121553.0,0.0
ramp_on_demand_4s,1000,1:1,1,insertion_wait_time_s,True,137698.0,137698.0,0.0
ramp_on_demand_4s,1000,1:1,1,unfinished_vehicles,True,0.0,0.0,0.0
ramp_on_demand_4s,1000,1:1,1,throughput_veh_h,False,1000.0,1000.0,0.0
cooperative_limited,1000,1:1,2,total_time_spent_s,True,253217.0,253295.0,78.0
cooperative_limited,1000,1:1,2,network_time_spent_s,True,120555.0,121047.0,492.0
cooperative_limited,1000,1:1,2,insertion_wait_time_s,True,132662.0,132248.0,-414.0
cooperative_limited,1000,1:1,2,unfinished_vehicles,True,0.0,0.0,0.0
cooperative_limited,1000,1:1,2,throughput_veh_h,False,1000.0,1000.0,0.0
ramp_fixed_4s,1000,1:1,2,total_time_spent_s,True,253217.0,278141.0,24924.0
ramp_fixed_4s,1000,1:1,2,network_time_spent_s,True,120555.0,123261.0,2706.0
ramp_fixed_4s,1000,1:1,2,insertion_wait_time_s,True,132662.0,154880.0,22218.0
ramp_fixed_4s,1000,1:1,2,unfinished_vehicles,True,0.0,78.0,78.0
ramp_fixed_4s,1000,1:1,2,throughput_veh_h,False,1000.0,844.0,-156.0
ramp_on_demand_4s,1000,1:1,2,total_time_spent_s,True,253217.0,259560.0,6343.0
ramp_on_demand_4s,1000,1:1,2,network_time_spent_s,True,120555.0,122031.0,1476.0
ramp_on_demand_4s,1000,1:1,2,insertion_wait_time_s,True,132662.0,137529.0,4867.0
ramp_on_demand_4s,1000,1:1,2,unfinished_vehicles,True,0.0,0.0,0.0
ramp_on_demand_4s,1000,1:1,2,throughput_veh_h,False,1000.0,1000.0,0.0
cooperative_limited,1000,1:1,3,total_time_spent_s,True,266472.0,281685.0,15213.0
cooperative_limited,1000,1:1,3,network_time_spent_s,True,122768.0,124619.0,1851.0
cooperative_limited,1000,1:1,3,insertion_wait_time_s,True,143704.0,157066.0,13362.0
cooperative_limited,1000,1:1,3,unfinished_vehicles,True,2.0,12.0,10.0
cooperative_limited,1000,1:1,3,throughput_veh_h,False,996.0,976.0000000000001,-19.999999999999886
ramp_fixed_4s,1000,1:1,3,total_time_spent_s,True,266472.0,291555.0,25083.0
ramp_fixed_4s,1000,1:1,3,network_time_spent_s,True,122768.0,124280.0,1512.0
ramp_fixed_4s,1000,1:1,3,insertion_wait_time_s,True,143704.0,167275.0,23571.0
ramp_fixed_4s,1000,1:1,3,unfinished_vehicles,True,2.0,88.0,86.0
ramp_fixed_4s,1000,1:1,3,throughput_veh_h,False,996.0,824.0,-172.0
ramp_on_demand_4s,1000,1:1,3,total_time_spent_s,True,266472.0,266472.0,0.0
ramp_on_demand_4s,1000,1:1,3,network_time_spent_s,True,122768.0,122768.0,0.0
ramp_on_demand_4s,1000,1:1,3,insertion_wait_time_s,True,143704.0,143704.0,0.0
ramp_on_demand_4s,1000,1:1,3,unfinished_vehicles,True,2.0,2.0,0.0
ramp_on_demand_4s,1000,1:1,3,throughput_veh_h,False,996.0,996.0,0.0
cooperative_limited,1000,1:1,4,total_time_spent_s,True,258275.0,258853.0,578.0
cooperative_limited,1000,1:1,4,network_time_spent_s,True,121765.0,121993.0,228.0
cooperative_limited,1000,1:1,4,insertion_wait_time_s,True,136510.0,136860.0,350.0
cooperative_limited,1000,1:1,4,unfinished_vehicles,True,0.0,0.0,0.0
cooperative_limited,1000,1:1,4,throughput_veh_h,False,1000.0,1000.0,0.0
ramp_fixed_4s,1000,1:1,4,total_time_spent_s,True,258275.0,290004.0,31729.0
ramp_fixed_4s,1000,1:1,4,network_time_spent_s,True,121765.0,124668.0,2903.0
ramp_fixed_4s,1000,1:1,4,insertion_wait_time_s,True,136510.0,165336.0,28826.0
ramp_fixed_4s,1000,1:1,4,unfinished_vehicles,True,0.0,87.0,87.0
ramp_fixed_4s,1000,1:1,4,throughput_veh_h,False,1000.0,826.0,-174.0
ramp_on_demand_4s,1000,1:1,4,total_time_spent_s,True,258275.0,258806.0,531.0
ramp_on_demand_4s,1000,1:1,4,network_time_spent_s,True,121765.0,121427.0,-338.0
ramp_on_demand_4s,1000,1:1,4,insertion_wait_time_s,True,136510.0,137379.0,869.0
ramp_on_demand_4s,1000,1:1,4,unfinished_vehicles,True,0.0,0.0,0.0
ramp_on_demand_4s,1000,1:1,4,throughput_veh_h,False,1000.0,1000.0,0.0
cooperative_limited,1000,1:1,5,total_time_spent_s,True,272663.0,265414.0,-7249.0
cooperative_limited,1000,1:1,5,network_time_spent_s,True,122964.0,122157.0,-807.0
cooperative_limited,1000,1:1,5,insertion_wait_time_s,True,149699.0,143257.0,-6442.0
cooperative_limited,1000,1:1,5,unfinished_vehicles,True,8.0,2.0,-6.0
cooperative_limited,1000,1:1,5,throughput_veh_h,False,983.9999999999999,996.0,12.000000000000114
ramp_fixed_4s,1000,1:1,5,total_time_spent_s,True,272663.0,290311.0,17648.0
ramp_fixed_4s,1000,1:1,5,network_time_spent_s,True,122964.0,123209.0,245.0
ramp_fixed_4s,1000,1:1,5,insertion_wait_time_s,True,149699.0,167102.0,17403.0
ramp_fixed_4s,1000,1:1,5,unfinished_vehicles,True,8.0,91.0,83.0
ramp_fixed_4s,1000,1:1,5,throughput_veh_h,False,983.9999999999999,818.0,-165.9999999999999
ramp_on_demand_4s,1000,1:1,5,total_time_spent_s,True,272663.0,272663.0,0.0
ramp_on_demand_4s,1000,1:1,5,network_time_spent_s,True,122964.0,122964.0,0.0
ramp_on_demand_4s,1000,1:1,5,insertion_wait_time_s,True,149699.0,149699.0,0.0
ramp_on_demand_4s,1000,1:1,5,unfinished_vehicles,True,8.0,8.0,0.0
ramp_on_demand_4s,1000,1:1,5,throughput_veh_h,False,983.9999999999999,983.9999999999999,0.0
cooperative_limited,1000,1:2,1,total_time_spent_s,True,332333.0,334943.0,2610.0
cooperative_limited,1000,1:2,1,network_time_spent_s,True,121743.0,121956.0,213.0
cooperative_limited,1000,1:2,1,insertion_wait_time_s,True,210590.0,212987.0,2397.0
cooperative_limited,1000,1:2,1,unfinished_vehicles,True,50.0,53.0,3.0
cooperative_limited,1000,1:2,1,throughput_veh_h,False,901.9999999999999,896.0,-5.999999999999886
ramp_fixed_4s,1000,1:2,1,total_time_spent_s,True,332333.0,355171.0,22838.0
ramp_fixed_4s,1000,1:2,1,network_time_spent_s,True,121743.0,120014.0,-1729.0
ramp_fixed_4s,1000,1:2,1,insertion_wait_time_s,True,210590.0,235157.0,24567.0
ramp_fixed_4s,1000,1:2,1,unfinished_vehicles,True,50.0,139.0,89.0
ramp_fixed_4s,1000,1:2,1,throughput_veh_h,False,901.9999999999999,724.0,-177.9999999999999
ramp_on_demand_4s,1000,1:2,1,total_time_spent_s,True,332333.0,329711.0,-2622.0
ramp_on_demand_4s,1000,1:2,1,network_time_spent_s,True,121743.0,121408.0,-335.0
ramp_on_demand_4s,1000,1:2,1,insertion_wait_time_s,True,210590.0,208303.0,-2287.0
ramp_on_demand_4s,1000,1:2,1,unfinished_vehicles,True,50.0,46.0,-4.0
ramp_on_demand_4s,1000,1:2,1,throughput_veh_h,False,901.9999999999999,910.0,8.000000000000114
cooperative_limited,1000,1:2,2,total_time_spent_s,True,338058.0,356975.0,18917.0
cooperative_limited,1000,1:2,2,network_time_spent_s,True,122765.0,123398.0,633.0
cooperative_limited,1000,1:2,2,insertion_wait_time_s,True,215293.0,233577.0,18284.0
cooperative_limited,1000,1:2,2,unfinished_vehicles,True,52.0,62.0,10.0
cooperative_limited,1000,1:2,2,throughput_veh_h,False,898.0,878.0,-20.0
ramp_fixed_4s,1000,1:2,2,total_time_spent_s,True,338058.0,353277.0,15219.0
ramp_fixed_4s,1000,1:2,2,network_time_spent_s,True,122765.0,121113.0,-1652.0
ramp_fixed_4s,1000,1:2,2,insertion_wait_time_s,True,215293.0,232164.0,16871.0
ramp_fixed_4s,1000,1:2,2,unfinished_vehicles,True,52.0,130.0,78.0
ramp_fixed_4s,1000,1:2,2,throughput_veh_h,False,898.0,742.0,-156.0
ramp_on_demand_4s,1000,1:2,2,total_time_spent_s,True,338058.0,333712.0,-4346.0
ramp_on_demand_4s,1000,1:2,2,network_time_spent_s,True,122765.0,122548.0,-217.0
ramp_on_demand_4s,1000,1:2,2,insertion_wait_time_s,True,215293.0,211164.0,-4129.0
ramp_on_demand_4s,1000,1:2,2,unfinished_vehicles,True,52.0,45.0,-7.0
ramp_on_demand_4s,1000,1:2,2,throughput_veh_h,False,898.0,912.0000000000001,14.000000000000114
cooperative_limited,1000,1:2,3,total_time_spent_s,True,334233.0,330875.0,-3358.0
cooperative_limited,1000,1:2,3,network_time_spent_s,True,121662.0,121921.0,259.0
cooperative_limited,1000,1:2,3,insertion_wait_time_s,True,212571.0,208954.0,-3617.0
cooperative_limited,1000,1:2,3,unfinished_vehicles,True,50.0,48.0,-2.0
cooperative_limited,1000,1:2,3,throughput_veh_h,False,901.9999999999999,905.9999999999999,4.0
ramp_fixed_4s,1000,1:2,3,total_time_spent_s,True,334233.0,362716.0,28483.0
ramp_fixed_4s,1000,1:2,3,network_time_spent_s,True,121662.0,121151.0,-511.0
ramp_fixed_4s,1000,1:2,3,insertion_wait_time_s,True,212571.0,241565.0,28994.0
ramp_fixed_4s,1000,1:2,3,unfinished_vehicles,True,50.0,135.0,85.0
ramp_fixed_4s,1000,1:2,3,throughput_veh_h,False,901.9999999999999,732.0,-169.9999999999999
ramp_on_demand_4s,1000,1:2,3,total_time_spent_s,True,334233.0,331978.0,-2255.0
ramp_on_demand_4s,1000,1:2,3,network_time_spent_s,True,121662.0,121768.0,106.0
ramp_on_demand_4s,1000,1:2,3,insertion_wait_time_s,True,212571.0,210210.0,-2361.0
ramp_on_demand_4s,1000,1:2,3,unfinished_vehicles,True,50.0,50.0,0.0
ramp_on_demand_4s,1000,1:2,3,throughput_veh_h,False,901.9999999999999,901.9999999999999,0.0
cooperative_limited,1000,1:2,4,total_time_spent_s,True,341149.0,339048.0,-2101.0
cooperative_limited,1000,1:2,4,network_time_spent_s,True,122327.0,122398.0,71.0
cooperative_limited,1000,1:2,4,insertion_wait_time_s,True,218822.0,216650.0,-2172.0
cooperative_limited,1000,1:2,4,unfinished_vehicles,True,54.0,55.0,1.0
cooperative_limited,1000,1:2,4,throughput_veh_h,False,894.0,892.0,-2.0
ramp_fixed_4s,1000,1:2,4,total_time_spent_s,True,341149.0,356689.0,15540.0
ramp_fixed_4s,1000,1:2,4,network_time_spent_s,True,122327.0,120220.0,-2107.0
ramp_fixed_4s,1000,1:2,4,insertion_wait_time_s,True,218822.0,236469.0,17647.0
ramp_fixed_4s,1000,1:2,4,unfinished_vehicles,True,54.0,136.0,82.0
ramp_fixed_4s,1000,1:2,4,throughput_veh_h,False,894.0,730.0,-164.0
ramp_on_demand_4s,1000,1:2,4,total_time_spent_s,True,341149.0,341727.0,578.0
ramp_on_demand_4s,1000,1:2,4,network_time_spent_s,True,122327.0,122291.0,-36.0
ramp_on_demand_4s,1000,1:2,4,insertion_wait_time_s,True,218822.0,219436.0,614.0
ramp_on_demand_4s,1000,1:2,4,unfinished_vehicles,True,54.0,54.0,0.0
ramp_on_demand_4s,1000,1:2,4,throughput_veh_h,False,894.0,894.0,0.0
cooperative_limited,1000,1:2,5,total_time_spent_s,True,345554.0,333362.0,-12192.0
cooperative_limited,1000,1:2,5,network_time_spent_s,True,121722.0,121394.0,-328.0
cooperative_limited,1000,1:2,5,insertion_wait_time_s,True,223832.0,211968.0,-11864.0
cooperative_limited,1000,1:2,5,unfinished_vehicles,True,60.0,55.0,-5.0
cooperative_limited,1000,1:2,5,throughput_veh_h,False,882.0,892.0,10.0
ramp_fixed_4s,1000,1:2,5,total_time_spent_s,True,345554.0,377430.0,31876.0
ramp_fixed_4s,1000,1:2,5,network_time_spent_s,True,121722.0,121905.0,183.0
ramp_fixed_4s,1000,1:2,5,insertion_wait_time_s,True,223832.0,255525.0,31693.0
ramp_fixed_4s,1000,1:2,5,unfinished_vehicles,True,60.0,147.0,87.0
ramp_fixed_4s,1000,1:2,5,throughput_veh_h,False,882.0,708.0,-174.0
ramp_on_demand_4s,1000,1:2,5,total_time_spent_s,True,345554.0,346984.0,1430.0
ramp_on_demand_4s,1000,1:2,5,network_time_spent_s,True,121722.0,121769.0,47.0
ramp_on_demand_4s,1000,1:2,5,insertion_wait_time_s,True,223832.0,225215.0,1383.0
ramp_on_demand_4s,1000,1:2,5,unfinished_vehicles,True,60.0,60.0,0.0
ramp_on_demand_4s,1000,1:2,5,throughput_veh_h,False,882.0,882.0,0.0
cooperative_limited,1000,1:3,1,total_time_spent_s,True,330315.0,318653.0,-11662.0
cooperative_limited,1000,1:3,1,network_time_spent_s,True,119145.0,118724.0,-421.0
cooperative_limited,1000,1:3,1,insertion_wait_time_s,True,211170.0,199929.0,-11241.0
cooperative_limited,1000,1:3,1,unfinished_vehicles,True,50.0,38.0,-12.0
cooperative_limited,1000,1:3,1,throughput_veh_h,False,900.0,924.0,24.0
ramp_fixed_4s,1000,1:3,1,total_time_spent_s,True,330315.0,351133.0,20818.0
ramp_fixed_4s,1000,1:3,1,network_time_spent_s,True,119145.0,117751.0,-1394.0
ramp_fixed_4s,1000,1:3,1,insertion_wait_time_s,True,211170.0,233382.0,22212.0
ramp_fixed_4s,1000,1:3,1,unfinished_vehicles,True,50.0,133.0,83.0
ramp_fixed_4s,1000,1:3,1,throughput_veh_h,False,900.0,734.0,-166.0
ramp_on_demand_4s,1000,1:3,1,total_time_spent_s,True,330315.0,341404.0,11089.0
ramp_on_demand_4s,1000,1:3,1,network_time_spent_s,True,119145.0,119880.0,735.0
ramp_on_demand_4s,1000,1:3,1,insertion_wait_time_s,True,211170.0,221524.0,10354.0
ramp_on_demand_4s,1000,1:3,1,unfinished_vehicles,True,50.0,54.0,4.0
ramp_on_demand_4s,1000,1:3,1,throughput_veh_h,False,900.0,892.0,-8.0
cooperative_limited,1000,1:3,2,total_time_spent_s,True,341474.0,342239.0,765.0
cooperative_limited,1000,1:3,2,network_time_spent_s,True,119810.0,119951.0,141.0
cooperative_limited,1000,1:3,2,insertion_wait_time_s,True,221664.0,222288.0,624.0
cooperative_limited,1000,1:3,2,unfinished_vehicles,True,53.0,53.0,0.0
cooperative_limited,1000,1:3,2,throughput_veh_h,False,894.0,894.0,0.0
ramp_fixed_4s,1000,1:3,2,total_time_spent_s,True,341474.0,356977.0,15503.0
ramp_fixed_4s,1000,1:3,2,network_time_spent_s,True,119810.0,118093.0,-1717.0
ramp_fixed_4s,1000,1:3,2,insertion_wait_time_s,True,221664.0,238884.0,17220.0
ramp_fixed_4s,1000,1:3,2,unfinished_vehicles,True,53.0,127.0,74.0
ramp_fixed_4s,1000,1:3,2,throughput_veh_h,False,894.0,746.0,-148.0
ramp_on_demand_4s,1000,1:3,2,total_time_spent_s,True,341474.0,317137.0,-24337.0
ramp_on_demand_4s,1000,1:3,2,network_time_spent_s,True,119810.0,117392.0,-2418.0
ramp_on_demand_4s,1000,1:3,2,insertion_wait_time_s,True,221664.0,199745.0,-21919.0
ramp_on_demand_4s,1000,1:3,2,unfinished_vehicles,True,53.0,35.0,-18.0
ramp_on_demand_4s,1000,1:3,2,throughput_veh_h,False,894.0,930.0000000000001,36.000000000000114
cooperative_limited,1000,1:3,3,total_time_spent_s,True,348431.0,330933.0,-17498.0
cooperative_limited,1000,1:3,3,network_time_spent_s,True,119755.0,119466.0,-289.0
cooperative_limited,1000,1:3,3,insertion_wait_time_s,True,228676.0,211467.0,-17209.0
cooperative_limited,1000,1:3,3,unfinished_vehicles,True,60.0,47.0,-13.0
cooperative_limited,1000,1:3,3,throughput_veh_h,False,880.0,905.9999999999999,25.999999999999886
ramp_fixed_4s,1000,1:3,3,total_time_spent_s,True,348431.0,352255.0,3824.0
ramp_fixed_4s,1000,1:3,3,network_time_spent_s,True,119755.0,116997.0,-2758.0
ramp_fixed_4s,1000,1:3,3,insertion_wait_time_s,True,228676.0,235258.0,6582.0
ramp_fixed_4s,1000,1:3,3,unfinished_vehicles,True,60.0,135.0,75.0
ramp_fixed_4s,1000,1:3,3,throughput_veh_h,False,880.0,730.0,-150.0
ramp_on_demand_4s,1000,1:3,3,total_time_spent_s,True,348431.0,334665.0,-13766.0
ramp_on_demand_4s,1000,1:3,3,network_time_spent_s,True,119755.0,119405.0,-350.0
ramp_on_demand_4s,1000,1:3,3,insertion_wait_time_s,True,228676.0,215260.0,-13416.0
ramp_on_demand_4s,1000,1:3,3,unfinished_vehicles,True,60.0,48.0,-12.0
ramp_on_demand_4s,1000,1:3,3,throughput_veh_h,False,880.0,904.0,24.0
cooperative_limited,1000,1:3,4,total_time_spent_s,True,336292.0,317044.0,-19248.0
cooperative_limited,1000,1:3,4,network_time_spent_s,True,118440.0,117820.0,-620.0
cooperative_limited,1000,1:3,4,insertion_wait_time_s,True,217852.0,199224.0,-18628.0
cooperative_limited,1000,1:3,4,unfinished_vehicles,True,56.0,38.0,-18.0
cooperative_limited,1000,1:3,4,throughput_veh_h,False,888.0,924.0,36.0
ramp_fixed_4s,1000,1:3,4,total_time_spent_s,True,336292.0,372020.0,35728.0
ramp_fixed_4s,1000,1:3,4,network_time_spent_s,True,118440.0,118500.0,60.0
ramp_fixed_4s,1000,1:3,4,insertion_wait_time_s,True,217852.0,253520.0,35668.0
ramp_fixed_4s,1000,1:3,4,unfinished_vehicles,True,56.0,141.0,85.0
ramp_fixed_4s,1000,1:3,4,throughput_veh_h,False,888.0,718.0,-170.0
ramp_on_demand_4s,1000,1:3,4,total_time_spent_s,True,336292.0,330479.0,-5813.0
ramp_on_demand_4s,1000,1:3,4,network_time_spent_s,True,118440.0,117971.0,-469.0
ramp_on_demand_4s,1000,1:3,4,insertion_wait_time_s,True,217852.0,212508.0,-5344.0
ramp_on_demand_4s,1000,1:3,4,unfinished_vehicles,True,56.0,48.0,-8.0
ramp_on_demand_4s,1000,1:3,4,throughput_veh_h,False,888.0,904.0,16.0
cooperative_limited,1000,1:3,5,total_time_spent_s,True,343590.0,345108.0,1518.0
cooperative_limited,1000,1:3,5,network_time_spent_s,True,119174.0,119323.0,149.0
cooperative_limited,1000,1:3,5,insertion_wait_time_s,True,224416.0,225785.0,1369.0
cooperative_limited,1000,1:3,5,unfinished_vehicles,True,56.0,61.0,5.0
cooperative_limited,1000,1:3,5,throughput_veh_h,False,888.0,878.0,-10.0
ramp_fixed_4s,1000,1:3,5,total_time_spent_s,True,343590.0,376117.0,32527.0
ramp_fixed_4s,1000,1:3,5,network_time_spent_s,True,119174.0,118343.0,-831.0
ramp_fixed_4s,1000,1:3,5,insertion_wait_time_s,True,224416.0,257774.0,33358.0
ramp_fixed_4s,1000,1:3,5,unfinished_vehicles,True,56.0,145.0,89.0
ramp_fixed_4s,1000,1:3,5,throughput_veh_h,False,888.0,710.0,-178.0
ramp_on_demand_4s,1000,1:3,5,total_time_spent_s,True,343590.0,342302.0,-1288.0
ramp_on_demand_4s,1000,1:3,5,network_time_spent_s,True,119174.0,118895.0,-279.0
ramp_on_demand_4s,1000,1:3,5,insertion_wait_time_s,True,224416.0,223407.0,-1009.0
ramp_on_demand_4s,1000,1:3,5,unfinished_vehicles,True,56.0,52.0,-4.0
ramp_on_demand_4s,1000,1:3,5,throughput_veh_h,False,888.0,896.0,8.0
cooperative_limited,1000,1:4,1,total_time_spent_s,True,243773.0,328053.0,84280.0
cooperative_limited,1000,1:4,1,network_time_spent_s,True,111608.0,118067.0,6459.0
cooperative_limited,1000,1:4,1,insertion_wait_time_s,True,132165.0,209986.0,77821.0
cooperative_limited,1000,1:4,1,unfinished_vehicles,True,0.0,41.0,41.0
cooperative_limited,1000,1:4,1,throughput_veh_h,False,1000.0,918.0,-82.0
ramp_fixed_4s,1000,1:4,1,total_time_spent_s,True,243773.0,264634.0,20861.0
ramp_fixed_4s,1000,1:4,1,network_time_spent_s,True,111608.0,113583.0,1975.0
ramp_fixed_4s,1000,1:4,1,insertion_wait_time_s,True,132165.0,151051.0,18886.0
ramp_fixed_4s,1000,1:4,1,unfinished_vehicles,True,0.0,67.0,67.0
ramp_fixed_4s,1000,1:4,1,throughput_veh_h,False,1000.0,866.0,-134.0
ramp_on_demand_4s,1000,1:4,1,total_time_spent_s,True,243773.0,249934.0,6161.0
ramp_on_demand_4s,1000,1:4,1,network_time_spent_s,True,111608.0,110500.0,-1108.0
ramp_on_demand_4s,1000,1:4,1,insertion_wait_time_s,True,132165.0,139434.0,7269.0
ramp_on_demand_4s,1000,1:4,1,unfinished_vehicles,True,0.0,0.0,0.0
ramp_on_demand_4s,1000,1:4,1,throughput_veh_h,False,1000.0,1000.0,0.0
cooperative_limited,1000,1:4,2,total_time_spent_s,True,264027.0,325992.0,61965.0
cooperative_limited,1000,1:4,2,network_time_spent_s,True,112593.0,117454.0,4861.0
cooperative_limited,1000,1:4,2,insertion_wait_time_s,True,151434.0,208538.0,57104.0
cooperative_limited,1000,1:4,2,unfinished_vehicles,True,0.0,38.0,38.0
cooperative_limited,1000,1:4,2,throughput_veh_h,False,1000.0,924.0,-76.0
ramp_fixed_4s,1000,1:4,2,total_time_spent_s,True,264027.0,298132.0,34105.0
ramp_fixed_4s,1000,1:4,2,network_time_spent_s,True,112593.0,114490.0,1897.0
ramp_fixed_4s,1000,1:4,2,insertion_wait_time_s,True,151434.0,183642.0,32208.0
ramp_fixed_4s,1000,1:4,2,unfinished_vehicles,True,0.0,84.0,84.0
ramp_fixed_4s,1000,1:4,2,throughput_veh_h,False,1000.0,832.0,-168.0
ramp_on_demand_4s,1000,1:4,2,total_time_spent_s,True,264027.0,270597.0,6570.0
ramp_on_demand_4s,1000,1:4,2,network_time_spent_s,True,112593.0,113050.0,457.0
ramp_on_demand_4s,1000,1:4,2,insertion_wait_time_s,True,151434.0,157547.0,6113.0
ramp_on_demand_4s,1000,1:4,2,unfinished_vehicles,True,0.0,0.0,0.0
ramp_on_demand_4s,1000,1:4,2,throughput_veh_h,False,1000.0,1000.0,0.0
cooperative_limited,1000,1:4,3,total_time_spent_s,True,242143.0,334589.0,92446.0
cooperative_limited,1000,1:4,3,network_time_spent_s,True,110047.0,118155.0,8108.0
cooperative_limited,1000,1:4,3,insertion_wait_time_s,True,132096.0,216434.0,84338.0
cooperative_limited,1000,1:4,3,unfinished_vehicles,True,0.0,44.0,44.0
cooperative_limited,1000,1:4,3,throughput_veh_h,False,1000.0,912.0000000000001,-87.99999999999989
ramp_fixed_4s,1000,1:4,3,total_time_spent_s,True,242143.0,278176.0,36033.0
ramp_fixed_4s,1000,1:4,3,network_time_spent_s,True,110047.0,113370.0,3323.0
ramp_fixed_4s,1000,1:4,3,insertion_wait_time_s,True,132096.0,164806.0,32710.0
ramp_fixed_4s,1000,1:4,3,unfinished_vehicles,True,0.0,78.0,78.0
ramp_fixed_4s,1000,1:4,3,throughput_veh_h,False,1000.0,844.0,-156.0
ramp_on_demand_4s,1000,1:4,3,total_time_spent_s,True,242143.0,240506.0,-1637.0
ramp_on_demand_4s,1000,1:4,3,network_time_spent_s,True,110047.0,109096.0,-951.0
ramp_on_demand_4s,1000,1:4,3,insertion_wait_time_s,True,132096.0,131410.0,-686.0
ramp_on_demand_4s,1000,1:4,3,unfinished_vehicles,True,0.0,0.0,0.0
ramp_on_demand_4s,1000,1:4,3,throughput_veh_h,False,1000.0,1000.0,0.0
cooperative_limited,1000,1:4,4,total_time_spent_s,True,238770.0,336923.0,98153.0
cooperative_limited,1000,1:4,4,network_time_spent_s,True,109244.0,117240.0,7996.0
cooperative_limited,1000,1:4,4,insertion_wait_time_s,True,129526.0,219683.0,90157.0
cooperative_limited,1000,1:4,4,unfinished_vehicles,True,0.0,50.0,50.0
cooperative_limited,1000,1:4,4,throughput_veh_h,False,1000.0,900.0,-100.0
ramp_fixed_4s,1000,1:4,4,total_time_spent_s,True,238770.0,286193.0,47423.0
ramp_fixed_4s,1000,1:4,4,network_time_spent_s,True,109244.0,113637.0,4393.0
ramp_fixed_4s,1000,1:4,4,insertion_wait_time_s,True,129526.0,172556.0,43030.0
ramp_fixed_4s,1000,1:4,4,unfinished_vehicles,True,0.0,84.0,84.0
ramp_fixed_4s,1000,1:4,4,throughput_veh_h,False,1000.0,832.0,-168.0
ramp_on_demand_4s,1000,1:4,4,total_time_spent_s,True,238770.0,227938.0,-10832.0
ramp_on_demand_4s,1000,1:4,4,network_time_spent_s,True,109244.0,107474.0,-1770.0
ramp_on_demand_4s,1000,1:4,4,insertion_wait_time_s,True,129526.0,120464.0,-9062.0
ramp_on_demand_4s,1000,1:4,4,unfinished_vehicles,True,0.0,0.0,0.0
ramp_on_demand_4s,1000,1:4,4,throughput_veh_h,False,1000.0,1000.0,0.0
cooperative_limited,1000,1:4,5,total_time_spent_s,True,229972.0,293952.0,63980.0
cooperative_limited,1000,1:4,5,network_time_spent_s,True,108688.0,115172.0,6484.0
cooperative_limited,1000,1:4,5,insertion_wait_time_s,True,121284.0,178780.0,57496.0
cooperative_limited,1000,1:4,5,unfinished_vehicles,True,0.0,20.0,20.0
cooperative_limited,1000,1:4,5,throughput_veh_h,False,1000.0,960.0,-40.0
ramp_fixed_4s,1000,1:4,5,total_time_spent_s,True,229972.0,292261.0,62289.0
ramp_fixed_4s,1000,1:4,5,network_time_spent_s,True,108688.0,113671.0,4983.0
ramp_fixed_4s,1000,1:4,5,insertion_wait_time_s,True,121284.0,178590.0,57306.0
ramp_fixed_4s,1000,1:4,5,unfinished_vehicles,True,0.0,84.0,84.0
ramp_fixed_4s,1000,1:4,5,throughput_veh_h,False,1000.0,832.0,-168.0
ramp_on_demand_4s,1000,1:4,5,total_time_spent_s,True,229972.0,230338.0,366.0
ramp_on_demand_4s,1000,1:4,5,network_time_spent_s,True,108688.0,107164.0,-1524.0
ramp_on_demand_4s,1000,1:4,5,insertion_wait_time_s,True,121284.0,123174.0,1890.0
ramp_on_demand_4s,1000,1:4,5,unfinished_vehicles,True,0.0,0.0,0.0
ramp_on_demand_4s,1000,1:4,5,throughput_veh_h,False,1000.0,1000.0,0.0
cooperative_limited,1000,1:5,1,total_time_spent_s,True,33013.0,34391.0,1378.0
cooperative_limited,1000,1:5,1,network_time_spent_s,True,33013.0,34391.0,1378.0
cooperative_limited,1000,1:5,1,insertion_wait_time_s,True,0.0,0.0,0.0
cooperative_limited,1000,1:5,1,unfinished_vehicles,True,0.0,0.0,0.0
cooperative_limited,1000,1:5,1,throughput_veh_h,False,1002.0,1002.0,0.0
ramp_fixed_4s,1000,1:5,1,total_time_spent_s,True,33013.0,98936.0,65923.0
ramp_fixed_4s,1000,1:5,1,network_time_spent_s,True,33013.0,82868.0,49855.0
ramp_fixed_4s,1000,1:5,1,insertion_wait_time_s,True,0.0,16068.0,16068.0
ramp_fixed_4s,1000,1:5,1,unfinished_vehicles,True,0.0,0.0,0.0
ramp_fixed_4s,1000,1:5,1,throughput_veh_h,False,1002.0,1002.0,0.0
ramp_on_demand_4s,1000,1:5,1,total_time_spent_s,True,33013.0,39793.0,6780.0
ramp_on_demand_4s,1000,1:5,1,network_time_spent_s,True,33013.0,39793.0,6780.0
ramp_on_demand_4s,1000,1:5,1,insertion_wait_time_s,True,0.0,0.0,0.0
ramp_on_demand_4s,1000,1:5,1,unfinished_vehicles,True,0.0,0.0,0.0
ramp_on_demand_4s,1000,1:5,1,throughput_veh_h,False,1002.0,1002.0,0.0
cooperative_limited,1000,1:5,2,total_time_spent_s,True,34341.0,35151.0,810.0
cooperative_limited,1000,1:5,2,network_time_spent_s,True,34341.0,35151.0,810.0
cooperative_limited,1000,1:5,2,insertion_wait_time_s,True,0.0,0.0,0.0
cooperative_limited,1000,1:5,2,unfinished_vehicles,True,0.0,0.0,0.0
cooperative_limited,1000,1:5,2,throughput_veh_h,False,1002.0,1002.0,0.0
ramp_fixed_4s,1000,1:5,2,total_time_spent_s,True,34341.0,87601.0,53260.0
ramp_fixed_4s,1000,1:5,2,network_time_spent_s,True,34341.0,78215.0,43874.0
ramp_fixed_4s,1000,1:5,2,insertion_wait_time_s,True,0.0,9386.0,9386.0
ramp_fixed_4s,1000,1:5,2,unfinished_vehicles,True,0.0,0.0,0.0
ramp_fixed_4s,1000,1:5,2,throughput_veh_h,False,1002.0,1002.0,0.0
ramp_on_demand_4s,1000,1:5,2,total_time_spent_s,True,34341.0,47389.0,13048.0
ramp_on_demand_4s,1000,1:5,2,network_time_spent_s,True,34341.0,47389.0,13048.0
ramp_on_demand_4s,1000,1:5,2,insertion_wait_time_s,True,0.0,0.0,0.0
ramp_on_demand_4s,1000,1:5,2,unfinished_vehicles,True,0.0,0.0,0.0
ramp_on_demand_4s,1000,1:5,2,throughput_veh_h,False,1002.0,1002.0,0.0
cooperative_limited,1000,1:5,3,total_time_spent_s,True,32704.0,32721.0,17.0
cooperative_limited,1000,1:5,3,network_time_spent_s,True,32704.0,32721.0,17.0
cooperative_limited,1000,1:5,3,insertion_wait_time_s,True,0.0,0.0,0.0
cooperative_limited,1000,1:5,3,unfinished_vehicles,True,0.0,0.0,0.0
cooperative_limited,1000,1:5,3,throughput_veh_h,False,1002.0,1002.0,0.0
ramp_fixed_4s,1000,1:5,3,total_time_spent_s,True,32704.0,91950.0,59246.0
ramp_fixed_4s,1000,1:5,3,network_time_spent_s,True,32704.0,79605.0,46901.0
ramp_fixed_4s,1000,1:5,3,insertion_wait_time_s,True,0.0,12345.0,12345.0
ramp_fixed_4s,1000,1:5,3,unfinished_vehicles,True,0.0,0.0,0.0
ramp_fixed_4s,1000,1:5,3,throughput_veh_h,False,1002.0,1002.0,0.0
ramp_on_demand_4s,1000,1:5,3,total_time_spent_s,True,32704.0,48439.0,15735.0
ramp_on_demand_4s,1000,1:5,3,network_time_spent_s,True,32704.0,48439.0,15735.0
ramp_on_demand_4s,1000,1:5,3,insertion_wait_time_s,True,0.0,0.0,0.0
ramp_on_demand_4s,1000,1:5,3,unfinished_vehicles,True,0.0,0.0,0.0
ramp_on_demand_4s,1000,1:5,3,throughput_veh_h,False,1002.0,1002.0,0.0
cooperative_limited,1000,1:5,4,total_time_spent_s,True,32491.0,32615.0,124.0
cooperative_limited,1000,1:5,4,network_time_spent_s,True,32491.0,32615.0,124.0
cooperative_limited,1000,1:5,4,insertion_wait_time_s,True,0.0,0.0,0.0
cooperative_limited,1000,1:5,4,unfinished_vehicles,True,0.0,0.0,0.0
cooperative_limited,1000,1:5,4,throughput_veh_h,False,1002.0,1002.0,0.0
ramp_fixed_4s,1000,1:5,4,total_time_spent_s,True,32491.0,87772.0,55281.0
ramp_fixed_4s,1000,1:5,4,network_time_spent_s,True,32491.0,78840.0,46349.0
ramp_fixed_4s,1000,1:5,4,insertion_wait_time_s,True,0.0,8932.0,8932.0
ramp_fixed_4s,1000,1:5,4,unfinished_vehicles,True,0.0,0.0,0.0
ramp_fixed_4s,1000,1:5,4,throughput_veh_h,False,1002.0,1002.0,0.0
ramp_on_demand_4s,1000,1:5,4,total_time_spent_s,True,32491.0,38362.0,5871.0
ramp_on_demand_4s,1000,1:5,4,network_time_spent_s,True,32491.0,38362.0,5871.0
ramp_on_demand_4s,1000,1:5,4,insertion_wait_time_s,True,0.0,0.0,0.0
ramp_on_demand_4s,1000,1:5,4,unfinished_vehicles,True,0.0,0.0,0.0
ramp_on_demand_4s,1000,1:5,4,throughput_veh_h,False,1002.0,1002.0,0.0
cooperative_limited,1000,1:5,5,total_time_spent_s,True,33120.0,33653.0,533.0
cooperative_limited,1000,1:5,5,network_time_spent_s,True,33120.0,33653.0,533.0
cooperative_limited,1000,1:5,5,insertion_wait_time_s,True,0.0,0.0,0.0
cooperative_limited,1000,1:5,5,unfinished_vehicles,True,0.0,0.0,0.0
cooperative_limited,1000,1:5,5,throughput_veh_h,False,1002.0,1002.0,0.0
ramp_fixed_4s,1000,1:5,5,total_time_spent_s,True,33120.0,81989.0,48869.0
ramp_fixed_4s,1000,1:5,5,network_time_spent_s,True,33120.0,75444.0,42324.0
ramp_fixed_4s,1000,1:5,5,insertion_wait_time_s,True,0.0,6545.0,6545.0
ramp_fixed_4s,1000,1:5,5,unfinished_vehicles,True,0.0,0.0,0.0
ramp_fixed_4s,1000,1:5,5,throughput_veh_h,False,1002.0,1002.0,0.0
ramp_on_demand_4s,1000,1:5,5,total_time_spent_s,True,33120.0,45347.0,12227.0
ramp_on_demand_4s,1000,1:5,5,network_time_spent_s,True,33120.0,45347.0,12227.0
ramp_on_demand_4s,1000,1:5,5,insertion_wait_time_s,True,0.0,0.0,0.0
ramp_on_demand_4s,1000,1:5,5,unfinished_vehicles,True,0.0,0.0,0.0
ramp_on_demand_4s,1000,1:5,5,throughput_veh_h,False,1002.0,1002.0,0.0
cooperative_limited,1200,1:1,1,total_time_spent_s,True,352211.0,358583.0,6372.0
cooperative_limited,1200,1:1,1,network_time_spent_s,True,130628.0,130992.0,364.0
cooperative_limited,1200,1:1,1,insertion_wait_time_s,True,221583.0,227591.0,6008.0
cooperative_limited,1200,1:1,1,unfinished_vehicles,True,62.0,63.0,1.0
cooperative_limited,1200,1:1,1,throughput_veh_h,False,1076.0,1074.0,-2.0
ramp_fixed_4s,1200,1:1,1,total_time_spent_s,True,352211.0,375347.0,23136.0
ramp_fixed_4s,1200,1:1,1,network_time_spent_s,True,130628.0,129755.0,-873.0
ramp_fixed_4s,1200,1:1,1,insertion_wait_time_s,True,221583.0,245592.0,24009.0
ramp_fixed_4s,1200,1:1,1,unfinished_vehicles,True,62.0,144.0,82.0
ramp_fixed_4s,1200,1:1,1,throughput_veh_h,False,1076.0,912.0000000000001,-163.9999999999999
ramp_on_demand_4s,1200,1:1,1,total_time_spent_s,True,352211.0,350439.0,-1772.0
ramp_on_demand_4s,1200,1:1,1,network_time_spent_s,True,130628.0,130664.0,36.0
ramp_on_demand_4s,1200,1:1,1,insertion_wait_time_s,True,221583.0,219775.0,-1808.0
ramp_on_demand_4s,1200,1:1,1,unfinished_vehicles,True,62.0,62.0,0.0
ramp_on_demand_4s,1200,1:1,1,throughput_veh_h,False,1076.0,1076.0,0.0
cooperative_limited,1200,1:1,2,total_time_spent_s,True,347235.0,361635.0,14400.0
cooperative_limited,1200,1:1,2,network_time_spent_s,True,130829.0,131632.0,803.0
cooperative_limited,1200,1:1,2,insertion_wait_time_s,True,216406.0,230003.0,13597.0
cooperative_limited,1200,1:1,2,unfinished_vehicles,True,51.0,63.0,12.0
cooperative_limited,1200,1:1,2,throughput_veh_h,False,1098.0,1074.0,-24.0
ramp_fixed_4s,1200,1:1,2,total_time_spent_s,True,347235.0,370326.0,23091.0
ramp_fixed_4s,1200,1:1,2,network_time_spent_s,True,130829.0,129721.0,-1108.0
ramp_fixed_4s,1200,1:1,2,insertion_wait_time_s,True,216406.0,240605.0,24199.0
ramp_fixed_4s,1200,1:1,2,unfinished_vehicles,True,51.0,135.0,84.0
ramp_fixed_4s,1200,1:1,2,throughput_veh_h,False,1098.0,930.0000000000001,-167.9999999999999
ramp_on_demand_4s,1200,1:1,2,total_time_spent_s,True,347235.0,347703.0,468.0
ramp_on_demand_4s,1200,1:1,2,network_time_spent_s,True,130829.0,130959.0,130.0
ramp_on_demand_4s,1200,1:1,2,insertion_wait_time_s,True,216406.0,216744.0,338.0
ramp_on_demand_4s,1200,1:1,2,unfinished_vehicles,True,51.0,51.0,0.0
ramp_on_demand_4s,1200,1:1,2,throughput_veh_h,False,1098.0,1098.0,0.0
cooperative_limited,1200,1:1,3,total_time_spent_s,True,363808.0,369741.0,5933.0
cooperative_limited,1200,1:1,3,network_time_spent_s,True,131312.0,131555.0,243.0
cooperative_limited,1200,1:1,3,insertion_wait_time_s,True,232496.0,238186.0,5690.0
cooperative_limited,1200,1:1,3,unfinished_vehicles,True,68.0,70.0,2.0
cooperative_limited,1200,1:1,3,throughput_veh_h,False,1064.0,1060.0,-4.0
ramp_fixed_4s,1200,1:1,3,total_time_spent_s,True,363808.0,385652.0,21844.0
ramp_fixed_4s,1200,1:1,3,network_time_spent_s,True,131312.0,129558.0,-1754.0
ramp_fixed_4s,1200,1:1,3,insertion_wait_time_s,True,232496.0,256094.0,23598.0
ramp_fixed_4s,1200,1:1,3,unfinished_vehicles,True,68.0,151.0,83.0
ramp_fixed_4s,1200,1:1,3,throughput_veh_h,False,1064.0,898.0,-166.0
ramp_on_demand_4s,1200,1:1,3,total_time_spent_s,True,363808.0,362150.0,-1658.0
ramp_on_demand_4s,1200,1:1,3,network_time_spent_s,True,131312.0,131274.0,-38.0
ramp_on_demand_4s,1200,1:1,3,insertion_wait_time_s,True,232496.0,230876.0,-1620.0
ramp_on_demand_4s,1200,1:1,3,unfinished_vehicles,True,68.0,68.0,0.0
ramp_on_demand_4s,1200,1:1,3,throughput_veh_h,False,1064.0,1064.0,0.0
cooperative_limited,1200,1:1,4,total_time_spent_s,True,369841.0,364568.0,-5273.0
cooperative_limited,1200,1:1,4,network_time_spent_s,True,131177.0,131265.0,88.0
cooperative_limited,1200,1:1,4,insertion_wait_time_s,True,238664.0,233303.0,-5361.0
cooperative_limited,1200,1:1,4,unfinished_vehicles,True,68.0,66.0,-2.0
cooperative_limited,1200,1:1,4,throughput_veh_h,False,1064.0,1068.0,4.0
ramp_fixed_4s,1200,1:1,4,total_time_spent_s,True,369841.0,392188.0,22347.0
ramp_fixed_4s,1200,1:1,4,network_time_spent_s,True,131177.0,130105.0,-1072.0
ramp_fixed_4s,1200,1:1,4,insertion_wait_time_s,True,238664.0,262083.0,23419.0
ramp_fixed_4s,1200,1:1,4,unfinished_vehicles,True,68.0,153.0,85.0
ramp_fixed_4s,1200,1:1,4,throughput_veh_h,False,1064.0,894.0,-170.0
ramp_on_demand_4s,1200,1:1,4,total_time_spent_s,True,369841.0,369841.0,0.0
ramp_on_demand_4s,1200,1:1,4,network_time_spent_s,True,131177.0,131177.0,0.0
ramp_on_demand_4s,1200,1:1,4,insertion_wait_time_s,True,238664.0,238664.0,0.0
ramp_on_demand_4s,1200,1:1,4,unfinished_vehicles,True,68.0,68.0,0.0
ramp_on_demand_4s,1200,1:1,4,throughput_veh_h,False,1064.0,1064.0,0.0
cooperative_limited,1200,1:1,5,total_time_spent_s,True,362143.0,364589.0,2446.0
cooperative_limited,1200,1:1,5,network_time_spent_s,True,131322.0,131452.0,130.0
cooperative_limited,1200,1:1,5,insertion_wait_time_s,True,230821.0,233137.0,2316.0
cooperative_limited,1200,1:1,5,unfinished_vehicles,True,68.0,70.0,2.0
cooperative_limited,1200,1:1,5,throughput_veh_h,False,1064.0,1060.0,-4.0
ramp_fixed_4s,1200,1:1,5,total_time_spent_s,True,362143.0,380244.0,18101.0
ramp_fixed_4s,1200,1:1,5,network_time_spent_s,True,131322.0,129983.0,-1339.0
ramp_fixed_4s,1200,1:1,5,insertion_wait_time_s,True,230821.0,250261.0,19440.0
ramp_fixed_4s,1200,1:1,5,unfinished_vehicles,True,68.0,146.0,78.0
ramp_fixed_4s,1200,1:1,5,throughput_veh_h,False,1064.0,908.0,-156.0
ramp_on_demand_4s,1200,1:1,5,total_time_spent_s,True,362143.0,362143.0,0.0
ramp_on_demand_4s,1200,1:1,5,network_time_spent_s,True,131322.0,131322.0,0.0
ramp_on_demand_4s,1200,1:1,5,insertion_wait_time_s,True,230821.0,230821.0,0.0
ramp_on_demand_4s,1200,1:1,5,unfinished_vehicles,True,68.0,68.0,0.0
ramp_on_demand_4s,1200,1:1,5,throughput_veh_h,False,1064.0,1064.0,0.0
cooperative_limited,1200,1:2,1,total_time_spent_s,True,469013.0,456697.0,-12316.0
cooperative_limited,1200,1:2,1,network_time_spent_s,True,126634.0,126485.0,-149.0
cooperative_limited,1200,1:2,1,insertion_wait_time_s,True,342379.0,330212.0,-12167.0
cooperative_limited,1200,1:2,1,unfinished_vehicles,True,138.0,130.0,-8.0
cooperative_limited,1200,1:2,1,throughput_veh_h,False,924.0,940.0000000000001,16.000000000000114
ramp_fixed_4s,1200,1:2,1,total_time_spent_s,True,469013.0,486677.0,17664.0
ramp_fixed_4s,1200,1:2,1,network_time_spent_s,True,126634.0,125465.0,-1169.0
ramp_fixed_4s,1200,1:2,1,insertion_wait_time_s,True,342379.0,361212.0,18833.0
ramp_fixed_4s,1200,1:2,1,unfinished_vehicles,True,138.0,221.0,83.0
ramp_fixed_4s,1200,1:2,1,throughput_veh_h,False,924.0,758.0,-166.0
ramp_on_demand_4s,1200,1:2,1,total_time_spent_s,True,469013.0,469013.0,0.0
ramp_on_demand_4s,1200,1:2,1,network_time_spent_s,True,126634.0,126634.0,0.0
ramp_on_demand_4s,1200,1:2,1,insertion_wait_time_s,True,342379.0,342379.0,0.0
ramp_on_demand_4s,1200,1:2,1,unfinished_vehicles,True,138.0,138.0,0.0
ramp_on_demand_4s,1200,1:2,1,throughput_veh_h,False,924.0,924.0,0.0
cooperative_limited,1200,1:2,2,total_time_spent_s,True,465288.0,474593.0,9305.0
cooperative_limited,1200,1:2,2,network_time_spent_s,True,127071.0,127306.0,235.0
cooperative_limited,1200,1:2,2,insertion_wait_time_s,True,338217.0,347287.0,9070.0
cooperative_limited,1200,1:2,2,unfinished_vehicles,True,134.0,142.0,8.0
cooperative_limited,1200,1:2,2,throughput_veh_h,False,932.0,915.9999999999999,-16.000000000000114
ramp_fixed_4s,1200,1:2,2,total_time_spent_s,True,465288.0,487187.0,21899.0
ramp_fixed_4s,1200,1:2,2,network_time_spent_s,True,127071.0,125760.0,-1311.0
ramp_fixed_4s,1200,1:2,2,insertion_wait_time_s,True,338217.0,361427.0,23210.0
ramp_fixed_4s,1200,1:2,2,unfinished_vehicles,True,134.0,217.0,83.0
ramp_fixed_4s,1200,1:2,2,throughput_veh_h,False,932.0,766.0,-166.0
ramp_on_demand_4s,1200,1:2,2,total_time_spent_s,True,465288.0,465458.0,170.0
ramp_on_demand_4s,1200,1:2,2,network_time_spent_s,True,127071.0,127042.0,-29.0
ramp_on_demand_4s,1200,1:2,2,insertion_wait_time_s,True,338217.0,338416.0,199.0
ramp_on_demand_4s,1200,1:2,2,unfinished_vehicles,True,134.0,132.0,-2.0
ramp_on_demand_4s,1200,1:2,2,throughput_veh_h,False,932.0,936.0,4.0
cooperative_limited,1200,1:2,3,total_time_spent_s,True,468076.0,474116.0,6040.0
cooperative_limited,1200,1:2,3,network_time_spent_s,True,126985.0,127302.0,317.0
cooperative_limited,1200,1:2,3,insertion_wait_time_s,True,341091.0,346814.0,5723.0
cooperative_limited,1200,1:2,3,unfinished_vehicles,True,138.0,142.0,4.0
cooperative_limited,1200,1:2,3,throughput_veh_h,False,924.0,915.9999999999999,-8.000000000000114
ramp_fixed_4s,1200,1:2,3,total_time_spent_s,True,468076.0,491282.0,23206.0
ramp_fixed_4s,1200,1:2,3,network_time_spent_s,True,126985.0,125635.0,-1350.0
ramp_fixed_4s,1200,1:2,3,insertion_wait_time_s,True,341091.0,365647.0,24556.0
ramp_fixed_4s,1200,1:2,3,unfinished_vehicles,True,138.0,222.0,84.0
ramp_fixed_4s,1200,1:2,3,throughput_veh_h,False,924.0,756.0,-168.0
ramp_on_demand_4s,1200,1:2,3,total_time_spent_s,True,468076.0,468865.0,789.0
ramp_on_demand_4s,1200,1:2,3,network_time_spent_s,True,126985.0,127017.0,32.0
ramp_on_demand_4s,1200,1:2,3,insertion_wait_time_s,True,341091.0,341848.0,757.0
ramp_on_demand_4s,1200,1:2,3,unfinished_vehicles,True,138.0,141.0,3.0
ramp_on_demand_4s,1200,1:2,3,throughput_veh_h,False,924.0,918.0,-6.0
cooperative_limited,1200,1:2,4,total_time_spent_s,True,470739.0,464109.0,-6630.0
cooperative_limited,1200,1:2,4,network_time_spent_s,True,126761.0,126751.0,-10.0
cooperative_limited,1200,1:2,4,insertion_wait_time_s,True,343978.0,337358.0,-6620.0
cooperative_limited,1200,1:2,4,unfinished_vehicles,True,142.0,134.0,-8.0
cooperative_limited,1200,1:2,4,throughput_veh_h,False,915.9999999999999,932.0,16.000000000000114
ramp_fixed_4s,1200,1:2,4,total_time_spent_s,True,470739.0,495034.0,24295.0
ramp_fixed_4s,1200,1:2,4,network_time_spent_s,True,126761.0,125174.0,-1587.0
ramp_fixed_4s,1200,1:2,4,insertion_wait_time_s,True,343978.0,369860.0,25882.0
ramp_fixed_4s,1200,1:2,4,unfinished_vehicles,True,142.0,226.0,84.0
ramp_fixed_4s,1200,1:2,4,throughput_veh_h,False,915.9999999999999,748.0,-167.9999999999999
ramp_on_demand_4s,1200,1:2,4,total_time_spent_s,True,470739.0,470739.0,0.0
ramp_on_demand_4s,1200,1:2,4,network_time_spent_s,True,126761.0,126761.0,0.0
ramp_on_demand_4s,1200,1:2,4,insertion_wait_time_s,True,343978.0,343978.0,0.0
ramp_on_demand_4s,1200,1:2,4,unfinished_vehicles,True,142.0,142.0,0.0
ramp_on_demand_4s,1200,1:2,4,throughput_veh_h,False,915.9999999999999,915.9999999999999,0.0
cooperative_limited,1200,1:2,5,total_time_spent_s,True,461308.0,450994.0,-10314.0
cooperative_limited,1200,1:2,5,network_time_spent_s,True,126017.0,126144.0,127.0
cooperative_limited,1200,1:2,5,insertion_wait_time_s,True,335291.0,324850.0,-10441.0
cooperative_limited,1200,1:2,5,unfinished_vehicles,True,136.0,127.0,-9.0
cooperative_limited,1200,1:2,5,throughput_veh_h,False,928.0,946.0,18.0
ramp_fixed_4s,1200,1:2,5,total_time_spent_s,True,461308.0,484847.0,23539.0
ramp_fixed_4s,1200,1:2,5,network_time_spent_s,True,126017.0,125245.0,-772.0
ramp_fixed_4s,1200,1:2,5,insertion_wait_time_s,True,335291.0,359602.0,24311.0
ramp_fixed_4s,1200,1:2,5,unfinished_vehicles,True,136.0,219.0,83.0
ramp_fixed_4s,1200,1:2,5,throughput_veh_h,False,928.0,762.0,-166.0
ramp_on_demand_4s,1200,1:2,5,total_time_spent_s,True,461308.0,462481.0,1173.0
ramp_on_demand_4s,1200,1:2,5,network_time_spent_s,True,126017.0,125995.0,-22.0
ramp_on_demand_4s,1200,1:2,5,insertion_wait_time_s,True,335291.0,336486.0,1195.0
ramp_on_demand_4s,1200,1:2,5,unfinished_vehicles,True,136.0,136.0,0.0
ramp_on_demand_4s,1200,1:2,5,throughput_veh_h,False,928.0,928.0,0.0
cooperative_limited,1200,1:3,1,total_time_spent_s,True,477236.0,486324.0,9088.0
cooperative_limited,1200,1:3,1,network_time_spent_s,True,123546.0,123731.0,185.0
cooperative_limited,1200,1:3,1,insertion_wait_time_s,True,353690.0,362593.0,8903.0
cooperative_limited,1200,1:3,1,unfinished_vehicles,True,143.0,149.0,6.0
cooperative_limited,1200,1:3,1,throughput_veh_h,False,914.0,901.9999999999999,-12.000000000000114
ramp_fixed_4s,1200,1:3,1,total_time_spent_s,True,477236.0,497896.0,20660.0
ramp_fixed_4s,1200,1:3,1,network_time_spent_s,True,123546.0,121825.0,-1721.0
ramp_fixed_4s,1200,1:3,1,insertion_wait_time_s,True,353690.0,376071.0,22381.0
ramp_fixed_4s,1200,1:3,1,unfinished_vehicles,True,143.0,229.0,86.0
ramp_fixed_4s,1200,1:3,1,throughput_veh_h,False,914.0,742.0,-172.0
ramp_on_demand_4s,1200,1:3,1,total_time_spent_s,True,477236.0,487965.0,10729.0
ramp_on_demand_4s,1200,1:3,1,network_time_spent_s,True,123546.0,123682.0,136.0
ramp_on_demand_4s,1200,1:3,1,insertion_wait_time_s,True,353690.0,364283.0,10593.0
ramp_on_demand_4s,1200,1:3,1,unfinished_vehicles,True,143.0,153.0,10.0
ramp_on_demand_4s,1200,1:3,1,throughput_veh_h,False,914.0,894.0,-20.0
cooperative_limited,1200,1:3,2,total_time_spent_s,True,499983.0,488089.0,-11894.0
cooperative_limited,1200,1:3,2,network_time_spent_s,True,124371.0,124427.0,56.0
cooperative_limited,1200,1:3,2,insertion_wait_time_s,True,375612.0,363662.0,-11950.0
cooperative_limited,1200,1:3,2,unfinished_vehicles,True,154.0,147.0,-7.0
cooperative_limited,1200,1:3,2,throughput_veh_h,False,892.0,905.9999999999999,13.999999999999886
ramp_fixed_4s,1200,1:3,2,total_time_spent_s,True,499983.0,511069.0,11086.0
ramp_fixed_4s,1200,1:3,2,network_time_spent_s,True,124371.0,122151.0,-2220.0
ramp_fixed_4s,1200,1:3,2,insertion_wait_time_s,True,375612.0,388918.0,13306.0
ramp_fixed_4s,1200,1:3,2,unfinished_vehicles,True,154.0,235.0,81.0
ramp_fixed_4s,1200,1:3,2,throughput_veh_h,False,892.0,730.0,-162.0
ramp_on_demand_4s,1200,1:3,2,total_time_spent_s,True,499983.0,496682.0,-3301.0
ramp_on_demand_4s,1200,1:3,2,network_time_spent_s,True,124371.0,124241.0,-130.0
ramp_on_demand_4s,1200,1:3,2,insertion_wait_time_s,True,375612.0,372441.0,-3171.0
ramp_on_demand_4s,1200,1:3,2,unfinished_vehicles,True,154.0,153.0,-1.0
ramp_on_demand_4s,1200,1:3,2,throughput_veh_h,False,892.0,894.0,2.0
cooperative_limited,1200,1:3,3,total_time_spent_s,True,505559.0,509345.0,3786.0
cooperative_limited,1200,1:3,3,network_time_spent_s,True,124240.0,124517.0,277.0
cooperative_limited,1200,1:3,3,insertion_wait_time_s,True,381319.0,384828.0,3509.0
cooperative_limited,1200,1:3,3,unfinished_vehicles,True,163.0,168.0,5.0
cooperative_limited,1200,1:3,3,throughput_veh_h,False,874.0,864.0,-10.0
ramp_fixed_4s,1200,1:3,3,total_time_spent_s,True,505559.0,520699.0,15140.0
ramp_fixed_4s,1200,1:3,3,network_time_spent_s,True,124240.0,122293.0,-1947.0
ramp_fixed_4s,1200,1:3,3,insertion_wait_time_s,True,381319.0,398406.0,17087.0
ramp_fixed_4s,1200,1:3,3,unfinished_vehicles,True,163.0,245.0,82.0
ramp_fixed_4s,1200,1:3,3,throughput_veh_h,False,874.0,710.0,-164.0
ramp_on_demand_4s,1200,1:3,3,total_time_spent_s,True,505559.0,504059.0,-1500.0
ramp_on_demand_4s,1200,1:3,3,network_time_spent_s,True,124240.0,124214.0,-26.0
ramp_on_demand_4s,1200,1:3,3,insertion_wait_time_s,True,381319.0,379845.0,-1474.0
ramp_on_demand_4s,1200,1:3,3,unfinished_vehicles,True,163.0,162.0,-1.0
ramp_on_demand_4s,1200,1:3,3,throughput_veh_h,False,874.0,876.0,2.0
cooperative_limited,1200,1:3,4,total_time_spent_s,True,494610.0,480176.0,-14434.0
cooperative_limited,1200,1:3,4,network_time_spent_s,True,123387.0,123398.0,11.0
cooperative_limited,1200,1:3,4,insertion_wait_time_s,True,371223.0,356778.0,-14445.0
cooperative_limited,1200,1:3,4,unfinished_vehicles,True,156.0,150.0,-6.0
cooperative_limited,1200,1:3,4,throughput_veh_h,False,888.0,900.0,12.0
ramp_fixed_4s,1200,1:3,4,total_time_spent_s,True,494610.0,517655.0,23045.0
ramp_fixed_4s,1200,1:3,4,network_time_spent_s,True,123387.0,122104.0,-1283.0
ramp_fixed_4s,1200,1:3,4,insertion_wait_time_s,True,371223.0,395551.0,24328.0
ramp_fixed_4s,1200,1:3,4,unfinished_vehicles,True,156.0,244.0,88.0
ramp_fixed_4s,1200,1:3,4,throughput_veh_h,False,888.0,712.0,-176.0
ramp_on_demand_4s,1200,1:3,4,total_time_spent_s,True,494610.0,492810.0,-1800.0
ramp_on_demand_4s,1200,1:3,4,network_time_spent_s,True,123387.0,123277.0,-110.0
ramp_on_demand_4s,1200,1:3,4,insertion_wait_time_s,True,371223.0,369533.0,-1690.0
ramp_on_demand_4s,1200,1:3,4,unfinished_vehicles,True,156.0,152.0,-4.0
ramp_on_demand_4s,1200,1:3,4,throughput_veh_h,False,888.0,896.0,8.0
cooperative_limited,1200,1:3,5,total_time_spent_s,True,497520.0,490529.0,-6991.0
cooperative_limited,1200,1:3,5,network_time_spent_s,True,123948.0,124076.0,128.0
cooperative_limited,1200,1:3,5,insertion_wait_time_s,True,373572.0,366453.0,-7119.0
cooperative_limited,1200,1:3,5,unfinished_vehicles,True,156.0,151.0,-5.0
cooperative_limited,1200,1:3,5,throughput_veh_h,False,888.0,898.0,10.0
ramp_fixed_4s,1200,1:3,5,total_time_spent_s,True,497520.0,524270.0,26750.0
ramp_fixed_4s,1200,1:3,5,network_time_spent_s,True,123948.0,122705.0,-1243.0
ramp_fixed_4s,1200,1:3,5,insertion_wait_time_s,True,373572.0,401565.0,27993.0
ramp_fixed_4s,1200,1:3,5,unfinished_vehicles,True,156.0,246.0,90.0
ramp_fixed_4s,1200,1:3,5,throughput_veh_h,False,888.0,708.0,-180.0
ramp_on_demand_4s,1200,1:3,5,total_time_spent_s,True,497520.0,497520.0,0.0
ramp_on_demand_4s,1200,1:3,5,network_time_spent_s,True,123948.0,123948.0,0.0
ramp_on_demand_4s,1200,1:3,5,insertion_wait_time_s,True,373572.0,373572.0,0.0
ramp_on_demand_4s,1200,1:3,5,unfinished_vehicles,True,156.0,156.0,0.0
ramp_on_demand_4s,1200,1:3,5,throughput_veh_h,False,888.0,888.0,0.0
cooperative_limited,1200,1:4,1,total_time_spent_s,True,482673.0,481263.0,-1410.0
cooperative_limited,1200,1:4,1,network_time_spent_s,True,121373.0,121730.0,357.0
cooperative_limited,1200,1:4,1,insertion_wait_time_s,True,361300.0,359533.0,-1767.0
cooperative_limited,1200,1:4,1,unfinished_vehicles,True,148.0,144.0,-4.0
cooperative_limited,1200,1:4,1,throughput_veh_h,False,904.0,912.0000000000001,8.000000000000114
ramp_fixed_4s,1200,1:4,1,total_time_spent_s,True,482673.0,506006.0,23333.0
ramp_fixed_4s,1200,1:4,1,network_time_spent_s,True,121373.0,119938.0,-1435.0
ramp_fixed_4s,1200,1:4,1,insertion_wait_time_s,True,361300.0,386068.0,24768.0
ramp_fixed_4s,1200,1:4,1,unfinished_vehicles,True,148.0,234.0,86.0
ramp_fixed_4s,1200,1:4,1,throughput_veh_h,False,904.0,732.0,-172.0
ramp_on_demand_4s,1200,1:4,1,total_time_spent_s,True,482673.0,468031.0,-14642.0
ramp_on_demand_4s,1200,1:4,1,network_time_spent_s,True,121373.0,121009.0,-364.0
ramp_on_demand_4s,1200,1:4,1,insertion_wait_time_s,True,361300.0,347022.0,-14278.0
ramp_on_demand_4s,1200,1:4,1,unfinished_vehicles,True,148.0,136.0,-12.0
ramp_on_demand_4s,1200,1:4,1,throughput_veh_h,False,904.0,928.0,24.0
cooperative_limited,1200,1:4,2,total_time_spent_s,True,485782.0,492568.0,6786.0
cooperative_limited,1200,1:4,2,network_time_spent_s,True,121693.0,122072.0,379.0
cooperative_limited,1200,1:4,2,insertion_wait_time_s,True,364089.0,370496.0,6407.0
cooperative_limited,1200,1:4,2,unfinished_vehicles,True,148.0,155.0,7.0
cooperative_limited,1200,1:4,2,throughput_veh_h,False,904.0,890.0,-14.0
ramp_fixed_4s,1200,1:4,2,total_time_spent_s,True,485782.0,500454.0,14672.0
ramp_fixed_4s,1200,1:4,2,network_time_spent_s,True,121693.0,119645.0,-2048.0
ramp_fixed_4s,1200,1:4,2,insertion_wait_time_s,True,364089.0,380809.0,16720.0
ramp_fixed_4s,1200,1:4,2,unfinished_vehicles,True,148.0,231.0,83.0
ramp_fixed_4s,1200,1:4,2,throughput_veh_h,False,904.0,738.0,-166.0
ramp_on_demand_4s,1200,1:4,2,total_time_spent_s,True,485782.0,494673.0,8891.0
ramp_on_demand_4s,1200,1:4,2,network_time_spent_s,True,121693.0,121655.0,-38.0
ramp_on_demand_4s,1200,1:4,2,insertion_wait_time_s,True,364089.0,373018.0,8929.0
ramp_on_demand_4s,1200,1:4,2,unfinished_vehicles,True,148.0,154.0,6.0
ramp_on_demand_4s,1200,1:4,2,throughput_veh_h,False,904.0,892.0,-12.0
cooperative_limited,1200,1:4,3,total_time_spent_s,True,465717.0,489317.0,23600.0
cooperative_limited,1200,1:4,3,network_time_spent_s,True,121004.0,121559.0,555.0
cooperative_limited,1200,1:4,3,insertion_wait_time_s,True,344713.0,367758.0,23045.0
cooperative_limited,1200,1:4,3,unfinished_vehicles,True,135.0,151.0,16.0
cooperative_limited,1200,1:4,3,throughput_veh_h,False,930.0000000000001,898.0,-32.000000000000114
ramp_fixed_4s,1200,1:4,3,total_time_spent_s,True,465717.0,488987.0,23270.0
ramp_fixed_4s,1200,1:4,3,network_time_spent_s,True,121004.0,118898.0,-2106.0
ramp_fixed_4s,1200,1:4,3,insertion_wait_time_s,True,344713.0,370089.0,25376.0
ramp_fixed_4s,1200,1:4,3,unfinished_vehicles,True,135.0,222.0,87.0
ramp_fixed_4s,1200,1:4,3,throughput_veh_h,False,930.0000000000001,756.0,-174.0000000000001
ramp_on_demand_4s,1200,1:4,3,total_time_spent_s,True,465717.0,470935.0,5218.0
ramp_on_demand_4s,1200,1:4,3,network_time_spent_s,True,121004.0,120870.0,-134.0
ramp_on_demand_4s,1200,1:4,3,insertion_wait_time_s,True,344713.0,350065.0,5352.0
ramp_on_demand_4s,1200,1:4,3,unfinished_vehicles,True,135.0,140.0,5.0
ramp_on_demand_4s,1200,1:4,3,throughput_veh_h,False,930.0000000000001,919.9999999999999,-10.000000000000227
cooperative_limited,1200,1:4,4,total_time_spent_s,True,477020.0,464699.0,-12321.0
cooperative_limited,1200,1:4,4,network_time_spent_s,True,120972.0,121048.0,76.0
cooperative_limited,1200,1:4,4,insertion_wait_time_s,True,356048.0,343651.0,-12397.0
cooperative_limited,1200,1:4,4,unfinished_vehicles,True,145.0,138.0,-7.0
cooperative_limited,1200,1:4,4,throughput_veh_h,False,910.0,924.0,14.0
ramp_fixed_4s,1200,1:4,4,total_time_spent_s,True,477020.0,509819.0,32799.0
ramp_fixed_4s,1200,1:4,4,network_time_spent_s,True,120972.0,119264.0,-1708.0
ramp_fixed_4s,1200,1:4,4,insertion_wait_time_s,True,356048.0,390555.0,34507.0
ramp_fixed_4s,1200,1:4,4,unfinished_vehicles,True,145.0,236.0,91.0
ramp_fixed_4s,1200,1:4,4,throughput_veh_h,False,910.0,728.0,-182.0
ramp_on_demand_4s,1200,1:4,4,total_time_spent_s,True,477020.0,479409.0,2389.0
ramp_on_demand_4s,1200,1:4,4,network_time_spent_s,True,120972.0,120921.0,-51.0
ramp_on_demand_4s,1200,1:4,4,insertion_wait_time_s,True,356048.0,358488.0,2440.0
ramp_on_demand_4s,1200,1:4,4,unfinished_vehicles,True,145.0,141.0,-4.0
ramp_on_demand_4s,1200,1:4,4,throughput_veh_h,False,910.0,918.0,8.0
cooperative_limited,1200,1:4,5,total_time_spent_s,True,475348.0,484992.0,9644.0
cooperative_limited,1200,1:4,5,network_time_spent_s,True,121355.0,121672.0,317.0
cooperative_limited,1200,1:4,5,insertion_wait_time_s,True,353993.0,363320.0,9327.0
cooperative_limited,1200,1:4,5,unfinished_vehicles,True,139.0,145.0,6.0
cooperative_limited,1200,1:4,5,throughput_veh_h,False,922.0,910.0,-12.0
ramp_fixed_4s,1200,1:4,5,total_time_spent_s,True,475348.0,495105.0,19757.0
ramp_fixed_4s,1200,1:4,5,network_time_spent_s,True,121355.0,119689.0,-1666.0
ramp_fixed_4s,1200,1:4,5,insertion_wait_time_s,True,353993.0,375416.0,21423.0
ramp_fixed_4s,1200,1:4,5,unfinished_vehicles,True,139.0,225.0,86.0
ramp_fixed_4s,1200,1:4,5,throughput_veh_h,False,922.0,750.0,-172.0
ramp_on_demand_4s,1200,1:4,5,total_time_spent_s,True,475348.0,479457.0,4109.0
ramp_on_demand_4s,1200,1:4,5,network_time_spent_s,True,121355.0,121077.0,-278.0
ramp_on_demand_4s,1200,1:4,5,insertion_wait_time_s,True,353993.0,358380.0,4387.0
ramp_on_demand_4s,1200,1:4,5,unfinished_vehicles,True,139.0,143.0,4.0
ramp_on_demand_4s,1200,1:4,5,throughput_veh_h,False,922.0,914.0,-8.0
cooperative_limited,1200,1:5,1,total_time_spent_s,True,380202.0,476847.0,96645.0
cooperative_limited,1200,1:5,1,network_time_spent_s,True,117567.0,120251.0,2684.0
cooperative_limited,1200,1:5,1,insertion_wait_time_s,True,262635.0,356596.0,93961.0
cooperative_limited,1200,1:5,1,unfinished_vehicles,True,81.0,143.0,62.0
cooperative_limited,1200,1:5,1,throughput_veh_h,False,1038.0,914.0,-124.0
ramp_fixed_4s,1200,1:5,1,total_time_spent_s,True,380202.0,402570.0,22368.0
ramp_fixed_4s,1200,1:5,1,network_time_spent_s,True,117567.0,115494.0,-2073.0
ramp_fixed_4s,1200,1:5,1,insertion_wait_time_s,True,262635.0,287076.0,24441.0
ramp_fixed_4s,1200,1:5,1,unfinished_vehicles,True,81.0,163.0,82.0
ramp_fixed_4s,1200,1:5,1,throughput_veh_h,False,1038.0,874.0,-164.0
ramp_on_demand_4s,1200,1:5,1,total_time_spent_s,True,380202.0,391023.0,10821.0
ramp_on_demand_4s,1200,1:5,1,network_time_spent_s,True,117567.0,117179.0,-388.0
ramp_on_demand_4s,1200,1:5,1,insertion_wait_time_s,True,262635.0,273844.0,11209.0
ramp_on_demand_4s,1200,1:5,1,unfinished_vehicles,True,81.0,87.0,6.0
ramp_on_demand_4s,1200,1:5,1,throughput_veh_h,False,1038.0,1026.0,-12.0
cooperative_limited,1200,1:5,2,total_time_spent_s,True,403961.0,481095.0,77134.0
cooperative_limited,1200,1:5,2,network_time_spent_s,True,119028.0,120615.0,1587.0
cooperative_limited,1200,1:5,2,insertion_wait_time_s,True,284933.0,360480.0,75547.0
cooperative_limited,1200,1:5,2,unfinished_vehicles,True,94.0,147.0,53.0
cooperative_limited,1200,1:5,2,throughput_veh_h,False,1011.9999999999999,905.9999999999999,-106.0
ramp_fixed_4s,1200,1:5,2,total_time_spent_s,True,403961.0,424613.0,20652.0
ramp_fixed_4s,1200,1:5,2,network_time_spent_s,True,119028.0,116367.0,-2661.0
ramp_fixed_4s,1200,1:5,2,insertion_wait_time_s,True,284933.0,308246.0,23313.0
ramp_fixed_4s,1200,1:5,2,unfinished_vehicles,True,94.0,182.0,88.0
ramp_fixed_4s,1200,1:5,2,throughput_veh_h,False,1011.9999999999999,836.0,-175.9999999999999
ramp_on_demand_4s,1200,1:5,2,total_time_spent_s,True,403961.0,400768.0,-3193.0
ramp_on_demand_4s,1200,1:5,2,network_time_spent_s,True,119028.0,118242.0,-786.0
ramp_on_demand_4s,1200,1:5,2,insertion_wait_time_s,True,284933.0,282526.0,-2407.0
ramp_on_demand_4s,1200,1:5,2,unfinished_vehicles,True,94.0,90.0,-4.0
ramp_on_demand_4s,1200,1:5,2,throughput_veh_h,False,1011.9999999999999,1020.0,8.000000000000114
cooperative_limited,1200,1:5,3,total_time_spent_s,True,405903.0,476812.0,70909.0
cooperative_limited,1200,1:5,3,network_time_spent_s,True,118620.0,120488.0,1868.0
cooperative_limited,1200,1:5,3,insertion_wait_time_s,True,287283.0,356324.0,69041.0
cooperative_limited,1200,1:5,3,unfinished_vehicles,True,94.0,144.0,50.0
cooperative_limited,1200,1:5,3,throughput_veh_h,False,1011.9999999999999,912.0000000000001,-99.99999999999977
ramp_fixed_4s,1200,1:5,3,total_time_spent_s,True,405903.0,430065.0,24162.0
ramp_fixed_4s,1200,1:5,3,network_time_spent_s,True,118620.0,116140.0,-2480.0
ramp_fixed_4s,1200,1:5,3,insertion_wait_time_s,True,287283.0,313925.0,26642.0
ramp_fixed_4s,1200,1:5,3,unfinished_vehicles,True,94.0,176.0,82.0
ramp_fixed_4s,1200,1:5,3,throughput_veh_h,False,1011.9999999999999,848.0,-163.9999999999999
ramp_on_demand_4s,1200,1:5,3,total_time_spent_s,True,405903.0,408999.0,3096.0
ramp_on_demand_4s,1200,1:5,3,network_time_spent_s,True,118620.0,118364.0,-256.0
ramp_on_demand_4s,1200,1:5,3,insertion_wait_time_s,True,287283.0,290635.0,3352.0
ramp_on_demand_4s,1200,1:5,3,unfinished_vehicles,True,94.0,96.0,2.0
ramp_on_demand_4s,1200,1:5,3,throughput_veh_h,False,1011.9999999999999,1008.0000000000001,-3.9999999999997726
cooperative_limited,1200,1:5,4,total_time_spent_s,True,379955.0,484788.0,104833.0
cooperative_limited,1200,1:5,4,network_time_spent_s,True,118028.0,119930.0,1902.0
cooperative_limited,1200,1:5,4,insertion_wait_time_s,True,261927.0,364858.0,102931.0
cooperative_limited,1200,1:5,4,unfinished_vehicles,True,76.0,148.0,72.0
cooperative_limited,1200,1:5,4,throughput_veh_h,False,1048.0,904.0,-144.0
ramp_fixed_4s,1200,1:5,4,total_time_spent_s,True,379955.0,422568.0,42613.0
ramp_fixed_4s,1200,1:5,4,network_time_spent_s,True,118028.0,116164.0,-1864.0
ramp_fixed_4s,1200,1:5,4,insertion_wait_time_s,True,261927.0,306404.0,44477.0
ramp_fixed_4s,1200,1:5,4,unfinished_vehicles,True,76.0,173.0,97.0
ramp_fixed_4s,1200,1:5,4,throughput_veh_h,False,1048.0,854.0,-194.0
ramp_on_demand_4s,1200,1:5,4,total_time_spent_s,True,379955.0,386379.0,6424.0
ramp_on_demand_4s,1200,1:5,4,network_time_spent_s,True,118028.0,117816.0,-212.0
ramp_on_demand_4s,1200,1:5,4,insertion_wait_time_s,True,261927.0,268563.0,6636.0
ramp_on_demand_4s,1200,1:5,4,unfinished_vehicles,True,76.0,76.0,0.0
ramp_on_demand_4s,1200,1:5,4,throughput_veh_h,False,1048.0,1048.0,0.0
cooperative_limited,1200,1:5,5,total_time_spent_s,True,415687.0,480869.0,65182.0
cooperative_limited,1200,1:5,5,network_time_spent_s,True,118931.0,120185.0,1254.0
cooperative_limited,1200,1:5,5,insertion_wait_time_s,True,296756.0,360684.0,63928.0
cooperative_limited,1200,1:5,5,unfinished_vehicles,True,98.0,146.0,48.0
cooperative_limited,1200,1:5,5,throughput_veh_h,False,1004.0000000000001,908.0,-96.00000000000011
ramp_fixed_4s,1200,1:5,5,total_time_spent_s,True,415687.0,426785.0,11098.0
ramp_fixed_4s,1200,1:5,5,network_time_spent_s,True,118931.0,116109.0,-2822.0
ramp_fixed_4s,1200,1:5,5,insertion_wait_time_s,True,296756.0,310676.0,13920.0
ramp_fixed_4s,1200,1:5,5,unfinished_vehicles,True,98.0,179.0,81.0
ramp_fixed_4s,1200,1:5,5,throughput_veh_h,False,1004.0000000000001,842.0,-162.0000000000001
ramp_on_demand_4s,1200,1:5,5,total_time_spent_s,True,415687.0,406407.0,-9280.0
ramp_on_demand_4s,1200,1:5,5,network_time_spent_s,True,118931.0,118419.0,-512.0
ramp_on_demand_4s,1200,1:5,5,insertion_wait_time_s,True,296756.0,287988.0,-8768.0
ramp_on_demand_4s,1200,1:5,5,unfinished_vehicles,True,98.0,95.0,-3.0
ramp_on_demand_4s,1200,1:5,5,throughput_veh_h,False,1004.0000000000001,1010.0,5.999999999999886
