total_demand_veh_h,demand_ratio,metric,lower_is_better,paired_seeds,mean_paired_delta,sample_stddev,standard_error,t_critical_95,ci_95_low,ci_95_high,ci_excludes_zero,interpretation
800,1:1,insertion_wait_time_s,True,5,615.2,3938.8145043908835,1761.4913965160317,2.776,-4274.700116728504,5505.100116728504,False,uncertain
800,1:1,network_time_spent_s,True,5,379.2,1119.2806618538534,500.55752916123436,2.776,-1010.3477009515864,1768.7477009515865,False,uncertain
800,1:1,throughput_veh_h,False,5,0.0,0.0,0.0,2.776,0.0,0.0,False,uncertain
800,1:1,total_time_spent_s,True,5,994.4,4983.330392418307,2228.6131023576077,2.776,-5192.229972144719,7181.029972144718,False,uncertain
800,1:1,unfinished_vehicles,True,5,0.0,0.0,0.0,2.776,0.0,0.0,False,uncertain
800,1:2,insertion_wait_time_s,True,5,-2697.0,7611.252722121372,3403.855696118741,2.776,-12146.103412425624,6752.103412425624,False,uncertain
800,1:2,network_time_spent_s,True,5,-548.2,1442.2349669870025,644.9870851420205,2.776,-2338.684148354249,1242.2841483542488,False,uncertain
800,1:2,throughput_veh_h,False,5,0.0,0.0,0.0,2.776,0.0,0.0,False,uncertain
800,1:2,total_time_spent_s,True,5,-3245.2,8957.411104777988,4005.876026539014,2.776,-14365.5118496723,7875.111849672302,False,uncertain
800,1:2,unfinished_vehicles,True,5,0.0,0.0,0.0,2.776,0.0,0.0,False,uncertain
800,1:3,insertion_wait_time_s,True,5,47696.4,12476.02798570122,5579.44933304354,2.776,32207.848651471137,63184.95134852886,True,worsens
800,1:3,network_time_spent_s,True,5,13855.4,3366.4190618519256,1505.5083726103949,2.776,9676.108757633545,18034.691242366454,True,worsens
800,1:3,throughput_veh_h,False,5,0.0,0.0,0.0,2.776,0.0,0.0,False,uncertain
800,1:3,total_time_spent_s,True,5,61551.8,14523.494558817447,6495.104220872826,2.776,43521.39068285704,79582.20931714296,True,worsens
800,1:3,unfinished_vehicles,True,5,0.0,0.0,0.0,2.776,0.0,0.0,False,uncertain
800,1:4,insertion_wait_time_s,True,5,0.0,0.0,0.0,2.776,0.0,0.0,False,uncertain
800,1:4,network_time_spent_s,True,5,0.0,0.0,0.0,2.776,0.0,0.0,False,uncertain
800,1:4,throughput_veh_h,False,5,0.0,0.0,0.0,2.776,0.0,0.0,False,uncertain
800,1:4,total_time_spent_s,True,5,0.0,0.0,0.0,2.776,0.0,0.0,False,uncertain
800,1:4,unfinished_vehicles,True,5,0.0,0.0,0.0,2.776,0.0,0.0,False,uncertain
800,1:5,insertion_wait_time_s,True,5,0.0,0.0,0.0,2.776,0.0,0.0,False,uncertain
800,1:5,network_time_spent_s,True,5,0.0,0.0,0.0,2.776,0.0,0.0,False,uncertain
800,1:5,throughput_veh_h,False,5,0.0,0.0,0.0,2.776,0.0,0.0,False,uncertain
800,1:5,total_time_spent_s,True,5,0.0,0.0,0.0,2.776,0.0,0.0,False,uncertain
800,1:5,unfinished_vehicles,True,5,0.0,0.0,0.0,2.776,0.0,0.0,False,uncertain
1000,1:1,insertion_wait_time_s,True,5,2582.2,7477.642422582134,3344.1033536659716,2.776,-6701.030909776736,11865.430909776736,False,uncertain
1000,1:1,network_time_spent_s,True,5,559.6,984.2374205444538,440.1643556672893,2.776,-662.2962513323952,1781.4962513323953,False,uncertain
1000,1:1,throughput_veh_h,False,5,-2.3999999999999546,11.52388823271034,5.153639490690047,2.776,-16.706503226155526,11.906503226155616,False,uncertain
1000,1:1,total_time_spent_s,True,5,3141.8,8444.27206454174,3776.393271363564,2.776,-7341.467721305254,13625.067721305255,False,uncertain
1000,1:1,unfinished_vehicles,True,5,1.2,5.761944116355173,2.576819745345025,2.776,-5.953251613077788,8.353251613077788,False,uncertain
1000,1:2,insertion_wait_time_s,True,5,605.6,11144.183204703699,4983.830239885785,2.776,-13229.512745922937,14440.712745922938,False,uncertain
1000,1:2,network_time_spent_s,True,5,169.6,347.110645183924,155.2325996690128,2.776,-261.3256966811796,600.5256966811795,False,uncertain
1000,1:2,throughput_veh_h,False,5,-2.799999999999977,11.366617790706249,5.083306010855529,2.776,-16.911257486134925,11.31125748613497,False,uncertain
1000,1:2,total_time_spent_s,True,5,775.2,11467.296355287937,5128.3308337118815,2.776,-13461.04639438418,15011.446394384182,False,uncertain
1000,1:2,unfinished_vehicles,True,5,1.4,5.683308895353129,2.541653005427767,2.776,-5.65562874306748,8.45562874306748,False,uncertain
1000,1:3,insertion_wait_time_s,True,5,-9017.0,9555.682053103274,4273.430928422735,2.776,-20880.04425730151,2846.0442573015116,False,uncertain
1000,1:3,network_time_spent_s,True,5,-208.0,343.1195127065787,153.44771096370255,2.776,-633.9708456352382,217.97084563523822,False,uncertain
1000,1:3,throughput_veh_h,False,5,15.199999999999978,19.318385025669183,8.639444426582063,2.776,-8.783097728191827,39.18309772819178,False,uncertain
1000,1:3,total_time_spent_s,True,5,-9225.0,9874.89463234925,4416.187133716143,2.776,-21484.33548319601,3034.3354831960114,False,uncertain
1000,1:3,unfinished_vehicles,True,5,-7.6,9.6591925128346,4.319722213291035,2.776,-19.591548864095913,4.391548864095913,False,uncertain
1000,1:4,insertion_wait_time_s,True,5,73383.2,15317.290514317472,6850.100564225317,2.776,54367.32083371052,92399.07916628948,True,worsens
1000,1:4,network_time_spent_s,True,5,6781.6,1333.739592274294,596.4664785216349,2.776,5125.809055623942,8437.390944376059,True,worsens
1000,1:4,throughput_veh_h,False,5,-77.19999999999997,22.609732417700112,10.111379727811624,2.776,-105.26919012440504,-49.130809875594906,True,worsens
1000,1:4,total_time_spent_s,True,5,80164.8,16466.014657469488,7363.825618521938,2.776,59722.820082983104,100606.7799170169,True,worsens
1000,1:4,unfinished_vehicles,True,5,38.6,11.304866208850063,5.0556898639058145,2.776,24.56540493779746,52.63459506220254,True,worsens
1000,1:5,insertion_wait_time_s,True,5,0.0,0.0,0.0,2.776,0.0,0.0,False,uncertain
1000,1:5,network_time_spent_s,True,5,572.4,551.4819126680403,246.6302090174681,2.776,-112.24546023249138,1257.0454602324912,False,uncertain
1000,1:5,throughput_veh_h,False,5,0.0,0.0,0.0,2.776,0.0,0.0,False,uncertain
1000,1:5,total_time_spent_s,True,5,572.4,551.4819126680403,246.6302090174681,2.776,-112.24546023249138,1257.0454602324912,False,uncertain
1000,1:5,unfinished_vehicles,True,5,0.0,0.0,0.0,2.776,0.0,0.0,False,uncertain
1200,1:1,insertion_wait_time_s,True,5,4450.0,6863.713462842108,3069.545976199086,2.776,-4071.0596299286626,12971.059629928663,False,uncertain
1200,1:1,network_time_spent_s,True,5,325.6,287.6287537781993,128.63148914632063,2.776,-31.48101387018602,682.681013870186,False,uncertain
1200,1:1,throughput_veh_h,False,5,-6.0,10.583005244258363,4.732863826479693,2.776,-19.138429982307628,7.138429982307626,False,uncertain
1200,1:1,total_time_spent_s,True,5,4775.6,7122.473959236355,3185.2671881649107,2.776,-4066.7017143457906,13617.901714345791,False,uncertain
1200,1:1,unfinished_vehicles,True,5,3.0,5.291502622129181,2.3664319132398464,2.776,-3.569214991153813,9.569214991153814,False,uncertain
1200,1:2,insertion_wait_time_s,True,5,-2887.0,9672.364679849494,4325.612985462291,2.776,-14894.90164764332,9120.90164764332,False,uncertain
1200,1:2,network_time_spent_s,True,5,104.0,187.12562625145708,83.68512412609543,2.776,-128.3099045740409,336.3099045740409,False,uncertain
1200,1:2,throughput_veh_h,False,5,5.2,15.974980438172786,7.144228439796745,2.776,-14.632378148875762,25.03237814887576,False,uncertain
1200,1:2,total_time_spent_s,True,5,-2783.0,9828.002492877176,4395.216331422152,2.776,-14984.120536027893,9418.120536027893,False,uncertain
1200,1:2,unfinished_vehicles,True,5,-2.6,7.987490219086343,3.57211421989835,2.776,-12.516189074437818,7.316189074437819,False,uncertain
1200,1:3,insertion_wait_time_s,True,5,-4220.4,10058.060141001346,4498.101239412025,2.776,-16707.129040607782,8266.329040607781,False,uncertain
1200,1:3,network_time_spent_s,True,5,131.4,105.19648283093879,47.04529732077373,2.776,0.802254637532144,261.99774536246787,True,worsens
1200,1:3,throughput_veh_h,False,5,2.7999999999999545,12.69645619848311,5.678027826631359,2.776,-12.962205246728697,18.562205246728606,False,uncertain
1200,1:3,total_time_spent_s,True,5,-4089.0,10148.985269473988,4538.764193037571,2.776,-16688.609399872297,8510.609399872297,False,uncertain
1200,1:3,unfinished_vehicles,True,5,-1.4,6.348228099241552,2.8390139133156778,2.776,-9.28110262336432,6.481102623364322,False,uncertain
1200,1:4,insertion_wait_time_s,True,5,4923.0,13178.987593893546,5893.822426914472,2.776,-11438.251057114574,21284.251057114576,False,uncertain
1200,1:4,network_time_spent_s,True,5,336.8,171.90753328461204,76.87938605374005,2.776,123.38282431481764,550.2171756851824,True,worsens
1200,1:4,throughput_veh_h,False,5,-7.2,18.471599822430168,8.26075057122538,2.776,-30.13184358572165,15.731843585721652,False,uncertain
1200,1:4,total_time_spent_s,True,5,5259.8,13336.830515531043,5964.411927424195,2.776,-11297.407510529563,21817.007510529562,False,uncertain
1200,1:4,unfinished_vehicles,True,5,3.6,9.235799911215054,4.1303752856126765,2.776,-7.865921792860789,15.065921792860788,False,uncertain
1200,1:5,insertion_wait_time_s,True,5,81081.6,16681.794441845876,7460.325271729108,2.776,60371.737045680005,101791.46295432001,True,worsens
1200,1:5,network_time_spent_s,True,5,1859.0,529.7556040288767,236.91390841400596,2.776,1201.3269902427196,2516.6730097572804,True,worsens
1200,1:5,throughput_veh_h,False,5,-113.99999999999997,19.899748742132413,8.899438184514802,2.776,-138.70484040021307,-89.29515959978688,True,worsens
1200,1:5,total_time_spent_s,True,5,82940.6,17036.223416590896,7618.830727874192,2.776,61790.725899421246,104090.47410057877,True,worsens
1200,1:5,unfinished_vehicles,True,5,57.0,9.9498743710662,4.449719092257397,2.776,44.647579799893464,69.35242020010654,True,worsens
