total_demand_veh_h,demand_ratio,seed,metric,lower_is_better,uncontrolled_value,cooperative_value,paired_delta
800,1:1,1,total_time_spent_s,True,172937.0,168802.0,-4135.0
800,1:1,1,network_time_spent_s,True,105972.0,105459.0,-513.0
800,1:1,1,insertion_wait_time_s,True,66965.0,63343.0,-3622.0
800,1:1,1,unfinished_vehicles,True,0.0,0.0,0.0
800,1:1,1,throughput_veh_h,False,800.0,800.0,0.0
800,1:1,2,total_time_spent_s,True,163705.0,167010.0,3305.0
800,1:1,2,network_time_spent_s,True,104328.0,105615.0,1287.0
800,1:1,2,insertion_wait_time_s,True,59377.0,61395.0,2018.0
800,1:1,2,unfinished_vehicles,True,0.0,0.0,0.0
800,1:1,2,throughput_veh_h,False,800.0,800.0,0.0
800,1:1,3,total_time_spent_s,True,160403.0,159374.0,-1029.0
800,1:1,3,network_time_spent_s,True,102745.0,102163.0,-582.0
800,1:1,3,insertion_wait_time_s,True,57658.0,57211.0,-447.0
800,1:1,3,unfinished_vehicles,True,0.0,0.0,0.0
800,1:1,3,throughput_veh_h,False,800.0,800.0,0.0
800,1:1,4,total_time_spent_s,True,169416.0,177924.0,8508.0
800,1:1,4,network_time_spent_s,True,105460.0,107317.0,1857.0
800,1:1,4,insertion_wait_time_s,True,63956.0,70607.0,6651.0
800,1:1,4,unfinished_vehicles,True,0.0,0.0,0.0
800,1:1,4,throughput_veh_h,False,800.0,800.0,0.0
800,1:1,5,total_time_spent_s,True,168145.0,166468.0,-1677.0
800,1:1,5,network_time_spent_s,True,105019.0,104866.0,-153.0
800,1:1,5,insertion_wait_time_s,True,63126.0,61602.0,-1524.0
800,1:1,5,unfinished_vehicles,True,0.0,0.0,0.0
800,1:1,5,throughput_veh_h,False,800.0,800.0,0.0
800,1:2,1,total_time_spent_s,True,184512.0,195409.0,10897.0
800,1:2,1,network_time_spent_s,True,104801.0,106604.0,1803.0
800,1:2,1,insertion_wait_time_s,True,79711.0,88805.0,9094.0
800,1:2,1,unfinished_vehicles,True,0.0,0.0,0.0
800,1:2,1,throughput_veh_h,False,802.0,802.0,0.0
800,1:2,2,total_time_spent_s,True,206789.0,196879.0,-9910.0
800,1:2,2,network_time_spent_s,True,109611.0,108673.0,-938.0
800,1:2,2,insertion_wait_time_s,True,97178.0,88206.0,-8972.0
800,1:2,2,unfinished_vehicles,True,0.0,0.0,0.0
800,1:2,2,throughput_veh_h,False,802.0,802.0,0.0
800,1:2,3,total_time_spent_s,True,205910.0,197117.0,-8793.0
800,1:2,3,network_time_spent_s,True,108388.0,107113.0,-1275.0
800,1:2,3,insertion_wait_time_s,True,97522.0,90004.0,-7518.0
800,1:2,3,unfinished_vehicles,True,0.0,0.0,0.0
800,1:2,3,throughput_veh_h,False,802.0,802.0,0.0
800,1:2,4,total_time_spent_s,True,198098.0,198572.0,474.0
800,1:2,4,network_time_spent_s,True,107472.0,107128.0,-344.0
800,1:2,4,insertion_wait_time_s,True,90626.0,91444.0,818.0
800,1:2,4,unfinished_vehicles,True,0.0,0.0,0.0
800,1:2,4,throughput_veh_h,False,802.0,802.0,0.0
800,1:2,5,total_time_spent_s,True,190240.0,181346.0,-8894.0
800,1:2,5,network_time_spent_s,True,106392.0,104405.0,-1987.0
800,1:2,5,insertion_wait_time_s,True,83848.0,76941.0,-6907.0
800,1:2,5,unfinished_vehicles,True,0.0,0.0,0.0
800,1:2,5,throughput_veh_h,False,802.0,802.0,0.0
800,1:3,1,total_time_spent_s,True,100346.0,179548.0,79202.0
800,1:3,1,network_time_spent_s,True,82632.0,101768.0,19136.0
800,1:3,1,insertion_wait_time_s,True,17714.0,77780.0,60066.0
800,1:3,1,unfinished_vehicles,True,0.0,0.0,0.0
800,1:3,1,throughput_veh_h,False,800.0,800.0,0.0
800,1:3,2,total_time_spent_s,True,114874.0,169422.0,54548.0
800,1:3,2,network_time_spent_s,True,85329.0,100135.0,14806.0
800,1:3,2,insertion_wait_time_s,True,29545.0,69287.0,39742.0
800,1:3,2,unfinished_vehicles,True,0.0,0.0,0.0
800,1:3,2,throughput_veh_h,False,800.0,800.0,0.0
800,1:3,3,total_time_spent_s,True,115075.0,174893.0,59818.0
800,1:3,3,network_time_spent_s,True,88464.0,101559.0,13095.0
800,1:3,3,insertion_wait_time_s,True,26611.0,73334.0,46723.0
800,1:3,3,unfinished_vehicles,True,0.0,0.0,0.0
800,1:3,3,throughput_veh_h,False,800.0,800.0,0.0
800,1:3,4,total_time_spent_s,True,120820.0,192755.0,71935.0
800,1:3,4,network_time_spent_s,True,91693.0,103520.0,11827.0
800,1:3,4,insertion_wait_time_s,True,29127.0,89235.0,60108.0
800,1:3,4,unfinished_vehicles,True,0.0,0.0,0.0
800,1:3,4,throughput_veh_h,False,800.0,800.0,0.0
800,1:3,5,total_time_spent_s,True,127964.0,170220.0,42256.0
800,1:3,5,network_time_spent_s,True,90469.0,100882.0,10413.0
800,1:3,5,insertion_wait_time_s,True,37495.0,69338.0,31843.0
800,1:3,5,unfinished_vehicles,True,0.0,0.0,0.0
800,1:3,5,throughput_veh_h,False,800.0,800.0,0.0
800,1:4,1,total_time_spent_s,True,25288.0,25288.0,0.0
800,1:4,1,network_time_spent_s,True,25288.0,25288.0,0.0
800,1:4,1,insertion_wait_time_s,True,0.0,0.0,0.0
800,1:4,1,unfinished_vehicles,True,0.0,0.0,0.0
800,1:4,1,throughput_veh_h,False,800.0,800.0,0.0
800,1:4,2,total_time_spent_s,True,25380.0,25380.0,0.0
800,1:4,2,network_time_spent_s,True,25380.0,25380.0,0.0
800,1:4,2,insertion_wait_time_s,True,0.0,0.0,0.0
800,1:4,2,unfinished_vehicles,True,0.0,0.0,0.0
800,1:4,2,throughput_veh_h,False,800.0,800.0,0.0
800,1:4,3,total_time_spent_s,True,25476.0,25476.0,0.0
800,1:4,3,network_time_spent_s,True,25476.0,25476.0,0.0
800,1:4,3,insertion_wait_time_s,True,0.0,0.0,0.0
800,1:4,3,unfinished_vehicles,True,0.0,0.0,0.0
800,1:4,3,throughput_veh_h,False,800.0,800.0,0.0
800,1:4,4,total_time_spent_s,True,25178.0,25178.0,0.0
800,1:4,4,network_time_spent_s,True,25178.0,25178.0,0.0
800,1:4,4,insertion_wait_time_s,True,0.0,0.0,0.0
800,1:4,4,unfinished_vehicles,True,0.0,0.0,0.0
800,1:4,4,throughput_veh_h,False,800.0,800.0,0.0
800,1:4,5,total_time_spent_s,True,25337.0,25337.0,0.0
800,1:4,5,network_time_spent_s,True,25337.0,25337.0,0.0
800,1:4,5,insertion_wait_time_s,True,0.0,0.0,0.0
800,1:4,5,unfinished_vehicles,True,0.0,0.0,0.0
800,1:4,5,throughput_veh_h,False,800.0,800.0,0.0
800,1:5,1,total_time_spent_s,True,25446.0,25446.0,0.0
800,1:5,1,network_time_spent_s,True,25446.0,25446.0,0.0
800,1:5,1,insertion_wait_time_s,True,0.0,0.0,0.0
800,1:5,1,unfinished_vehicles,True,0.0,0.0,0.0
800,1:5,1,throughput_veh_h,False,802.0,802.0,0.0
800,1:5,2,total_time_spent_s,True,25618.0,25618.0,0.0
800,1:5,2,network_time_spent_s,True,25618.0,25618.0,0.0
800,1:5,2,insertion_wait_time_s,True,0.0,0.0,0.0
800,1:5,2,unfinished_vehicles,True,0.0,0.0,0.0
800,1:5,2,throughput_veh_h,False,802.0,802.0,0.0
800,1:5,3,total_time_spent_s,True,25548.0,25548.0,0.0
800,1:5,3,network_time_spent_s,True,25548.0,25548.0,0.0
800,1:5,3,insertion_wait_time_s,True,0.0,0.0,0.0
800,1:5,3,unfinished_vehicles,True,0.0,0.0,0.0
800,1:5,3,throughput_veh_h,False,802.0,802.0,0.0
800,1:5,4,total_time_spent_s,True,25331.0,25331.0,0.0
800,1:5,4,network_time_spent_s,True,25331.0,25331.0,0.0
800,1:5,4,insertion_wait_time_s,True,0.0,0.0,0.0
800,1:5,4,unfinished_vehicles,True,0.0,0.0,0.0
800,1:5,4,throughput_veh_h,False,802.0,802.0,0.0
800,1:5,5,total_time_spent_s,True,25515.0,25515.0,0.0
800,1:5,5,network_time_spent_s,True,25515.0,25515.0,0.0
800,1:5,5,insertion_wait_time_s,True,0.0,0.0,0.0
800,1:5,5,unfinished_vehicles,True,0.0,0.0,0.0
800,1:5,5,throughput_veh_h,False,802.0,802.0,0.0
1000,1:1,1,total_time_spent_s,True,259251.0,266340.0,7089.0
1000,1:1,1,network_time_spent_s,True,121553.0,122587.0,1034.0
1000,1:1,1,insertion_wait_time_s,True,137698.0,143753.0,6055.0
1000,1:1,1,unfinished_vehicles,True,0.0,2.0,2.0
1000,1:1,1,throughput_veh_h,False,1000.0,996.0,-4.0
1000,1:1,2,total_time_spent_s,True,253217.0,253295.0,78.0
1000,1:1,2,network_time_spent_s,True,120555.0,121047.0,492.0
1000,1:1,2,insertion_wait_time_s,True,132662.0,132248.0,-414.0
1000,1:1,2,unfinished_vehicles,True,0.0,0.0,0.0
1000,1:1,2,throughput_veh_h,False,1000.0,1000.0,0.0
1000,1:1,3,total_time_spent_s,True,266472.0,281685.0,15213.0
1000,1:1,3,network_time_spent_s,True,122768.0,124619.0,1851.0
1000,1:1,3,insertion_wait_time_s,True,143704.0,157066.0,13362.0
1000,1:1,3,unfinished_vehicles,True,2.0,12.0,10.0
1000,1:1,3,throughput_veh_h,False,996.0,976.0000000000001,-19.999999999999886
1000,1:1,4,total_time_spent_s,True,258275.0,258853.0,578.0
1000,1:1,4,network_time_spent_s,True,121765.0,121993.0,228.0
1000,1:1,4,insertion_wait_time_s,True,136510.0,136860.0,350.0
1000,1:1,4,unfinished_vehicles,True,0.0,0.0,0.0
1000,1:1,4,throughput_veh_h,False,1000.0,1000.0,0.0
1000,1:1,5,total_time_spent_s,True,272663.0,265414.0,-7249.0
1000,1:1,5,network_time_spent_s,True,122964.0,122157.0,-807.0
1000,1:1,5,insertion_wait_time_s,True,149699.0,143257.0,-6442.0
1000,1:1,5,unfinished_vehicles,True,8.0,2.0,-6.0
1000,1:1,5,throughput_veh_h,False,983.9999999999999,996.0,12.000000000000114
1000,1:2,1,total_time_spent_s,True,332333.0,334943.0,2610.0
1000,1:2,1,network_time_spent_s,True,121743.0,121956.0,213.0
1000,1:2,1,insertion_wait_time_s,True,210590.0,212987.0,2397.0
1000,1:2,1,unfinished_vehicles,True,50.0,53.0,3.0
1000,1:2,1,throughput_veh_h,False,901.9999999999999,896.0,-5.999999999999886
1000,1:2,2,total_time_spent_s,True,338058.0,356975.0,18917.0
1000,1:2,2,network_time_spent_s,True,122765.0,123398.0,633.0
1000,1:2,2,insertion_wait_time_s,True,215293.0,233577.0,18284.0
1000,1:2,2,unfinished_vehicles,True,52.0,62.0,10.0
1000,1:2,2,throughput_veh_h,False,898.0,878.0,-20.0
1000,1:2,3,total_time_spent_s,True,334233.0,330875.0,-3358.0
1000,1:2,3,network_time_spent_s,True,121662.0,121921.0,259.0
1000,1:2,3,insertion_wait_time_s,True,212571.0,208954.0,-3617.0
1000,1:2,3,unfinished_vehicles,True,50.0,48.0,-2.0
1000,1:2,3,throughput_veh_h,False,901.9999999999999,905.9999999999999,4.0
1000,1:2,4,total_time_spent_s,True,341149.0,339048.0,-2101.0
1000,1:2,4,network_time_spent_s,True,122327.0,122398.0,71.0
1000,1:2,4,insertion_wait_time_s,True,218822.0,216650.0,-2172.0
1000,1:2,4,unfinished_vehicles,True,54.0,55.0,1.0
1000,1:2,4,throughput_veh_h,False,894.0,892.0,-2.0
1000,1:2,5,total_time_spent_s,True,345554.0,333362.0,-12192.0
1000,1:2,5,network_time_spent_s,True,121722.0,121394.0,-328.0
1000,1:2,5,insertion_wait_time_s,True,223832.0,211968.0,-11864.0
1000,1:2,5,unfinished_vehicles,True,60.0,55.0,-5.0
1000,1:2,5,throughput_veh_h,False,882.0,892.0,10.0
1000,1:3,1,total_time_spent_s,True,330315.0,318653.0,-11662.0
1000,1:3,1,network_time_spent_s,True,119145.0,118724.0,-421.0
1000,1:3,1,insertion_wait_time_s,True,211170.0,199929.0,-11241.0
1000,1:3,1,unfinished_vehicles,True,50.0,38.0,-12.0
1000,1:3,1,throughput_veh_h,False,900.0,924.0,24.0
1000,1:3,2,total_time_spent_s,True,341474.0,342239.0,765.0
1000,1:3,2,network_time_spent_s,True,119810.0,119951.0,141.0
1000,1:3,2,insertion_wait_time_s,True,221664.0,222288.0,624.0
1000,1:3,2,unfinished_vehicles,True,53.0,53.0,0.0
1000,1:3,2,throughput_veh_h,False,894.0,894.0,0.0
1000,1:3,3,total_time_spent_s,True,348431.0,330933.0,-17498.0
1000,1:3,3,network_time_spent_s,True,119755.0,119466.0,-289.0
1000,1:3,3,insertion_wait_time_s,True,228676.0,211467.0,-17209.0
1000,1:3,3,unfinished_vehicles,True,60.0,47.0,-13.0
1000,1:3,3,throughput_veh_h,False,880.0,905.9999999999999,25.999999999999886
1000,1:3,4,total_time_spent_s,True,336292.0,317044.0,-19248.0
1000,1:3,4,network_time_spent_s,True,118440.0,117820.0,-620.0
1000,1:3,4,insertion_wait_time_s,True,217852.0,199224.0,-18628.0
1000,1:3,4,unfinished_vehicles,True,56.0,38.0,-18.0
1000,1:3,4,throughput_veh_h,False,888.0,924.0,36.0
1000,1:3,5,total_time_spent_s,True,343590.0,345108.0,1518.0
1000,1:3,5,network_time_spent_s,True,119174.0,119323.0,149.0
1000,1:3,5,insertion_wait_time_s,True,224416.0,225785.0,1369.0
1000,1:3,5,unfinished_vehicles,True,56.0,61.0,5.0
1000,1:3,5,throughput_veh_h,False,888.0,878.0,-10.0
1000,1:4,1,total_time_spent_s,True,243773.0,328053.0,84280.0
1000,1:4,1,network_time_spent_s,True,111608.0,118067.0,6459.0
1000,1:4,1,insertion_wait_time_s,True,132165.0,209986.0,77821.0
1000,1:4,1,unfinished_vehicles,True,0.0,41.0,41.0
1000,1:4,1,throughput_veh_h,False,1000.0,918.0,-82.0
1000,1:4,2,total_time_spent_s,True,264027.0,325992.0,61965.0
1000,1:4,2,network_time_spent_s,True,112593.0,117454.0,4861.0
1000,1:4,2,insertion_wait_time_s,True,151434.0,208538.0,57104.0
1000,1:4,2,unfinished_vehicles,True,0.0,38.0,38.0
1000,1:4,2,throughput_veh_h,False,1000.0,924.0,-76.0
1000,1:4,3,total_time_spent_s,True,242143.0,334589.0,92446.0
1000,1:4,3,network_time_spent_s,True,110047.0,118155.0,8108.0
1000,1:4,3,insertion_wait_time_s,True,132096.0,216434.0,84338.0
1000,1:4,3,unfinished_vehicles,True,0.0,44.0,44.0
1000,1:4,3,throughput_veh_h,False,1000.0,912.0000000000001,-87.99999999999989
1000,1:4,4,total_time_spent_s,True,238770.0,336923.0,98153.0
1000,1:4,4,network_time_spent_s,True,109244.0,117240.0,7996.0
1000,1:4,4,insertion_wait_time_s,True,129526.0,219683.0,90157.0
1000,1:4,4,unfinished_vehicles,True,0.0,50.0,50.0
1000,1:4,4,throughput_veh_h,False,1000.0,900.0,-100.0
1000,1:4,5,total_time_spent_s,True,229972.0,293952.0,63980.0
1000,1:4,5,network_time_spent_s,True,108688.0,115172.0,6484.0
1000,1:4,5,insertion_wait_time_s,True,121284.0,178780.0,57496.0
1000,1:4,5,unfinished_vehicles,True,0.0,20.0,20.0
1000,1:4,5,throughput_veh_h,False,1000.0,960.0,-40.0
1000,1:5,1,total_time_spent_s,True,33013.0,34391.0,1378.0
1000,1:5,1,network_time_spent_s,True,33013.0,34391.0,1378.0
1000,1:5,1,insertion_wait_time_s,True,0.0,0.0,0.0
1000,1:5,1,unfinished_vehicles,True,0.0,0.0,0.0
1000,1:5,1,throughput_veh_h,False,1002.0,1002.0,0.0
1000,1:5,2,total_time_spent_s,True,34341.0,35151.0,810.0
1000,1:5,2,network_time_spent_s,True,34341.0,35151.0,810.0
1000,1:5,2,insertion_wait_time_s,True,0.0,0.0,0.0
1000,1:5,2,unfinished_vehicles,True,0.0,0.0,0.0
1000,1:5,2,throughput_veh_h,False,1002.0,1002.0,0.0
1000,1:5,3,total_time_spent_s,True,32704.0,32721.0,17.0
1000,1:5,3,network_time_spent_s,True,32704.0,32721.0,17.0
1000,1:5,3,insertion_wait_time_s,True,0.0,0.0,0.0
1000,1:5,3,unfinished_vehicles,True,0.0,0.0,0.0
1000,1:5,3,throughput_veh_h,False,1002.0,1002.0,0.0
1000,1:5,4,total_time_spent_s,True,32491.0,32615.0,124.0
1000,1:5,4,network_time_spent_s,True,32491.0,32615.0,124.0
1000,1:5,4,insertion_wait_time_s,True,0.0,0.0,0.0
1000,1:5,4,unfinished_vehicles,True,0.0,0.0,0.0
1000,1:5,4,throughput_veh_h,False,1002.0,1002.0,0.0
1000,1:5,5,total_time_spent_s,True,33120.0,33653.0,533.0
1000,1:5,5,network_time_spent_s,True,33120.0,33653.0,533.0
1000,1:5,5,insertion_wait_time_s,True,0.0,0.0,0.0
1000,1:5,5,unfinished_vehicles,True,0.0,0.0,0.0
1000,1:5,5,throughput_veh_h,False,1002.0,1002.0,0.0
1200,1:1,1,total_time_spent_s,True,352211.0,358583.0,6372.0
1200,1:1,1,network_time_spent_s,True,130628.0,130992.0,364.0
1200,1:1,1,insertion_wait_time_s,True,221583.0,227591.0,6008.0
1200,1:1,1,unfinished_vehicles,True,62.0,63.0,1.0
1200,1:1,1,throughput_veh_h,False,1076.0,1074.0,-2.0
1200,1:1,2,total_time_spent_s,True,347235.0,361635.0,14400.0
1200,1:1,2,network_time_spent_s,True,130829.0,131632.0,803.0
1200,1:1,2,insertion_wait_time_s,True,216406.0,230003.0,13597.0
1200,1:1,2,unfinished_vehicles,True,51.0,63.0,12.0
1200,1:1,2,throughput_veh_h,False,1098.0,1074.0,-24.0
1200,1:1,3,total_time_spent_s,True,363808.0,369741.0,5933.0
1200,1:1,3,network_time_spent_s,True,131312.0,131555.0,243.0
1200,1:1,3,insertion_wait_time_s,True,232496.0,238186.0,5690.0
1200,1:1,3,unfinished_vehicles,True,68.0,70.0,2.0
1200,1:1,3,throughput_veh_h,False,1064.0,1060.0,-4.0
1200,1:1,4,total_time_spent_s,True,369841.0,364568.0,-5273.0
1200,1:1,4,network_time_spent_s,True,131177.0,131265.0,88.0
1200,1:1,4,insertion_wait_time_s,True,238664.0,233303.0,-5361.0
1200,1:1,4,unfinished_vehicles,True,68.0,66.0,-2.0
1200,1:1,4,throughput_veh_h,False,1064.0,1068.0,4.0
1200,1:1,5,total_time_spent_s,True,362143.0,364589.0,2446.0
1200,1:1,5,network_time_spent_s,True,131322.0,131452.0,130.0
1200,1:1,5,insertion_wait_time_s,True,230821.0,233137.0,2316.0
1200,1:1,5,unfinished_vehicles,True,68.0,70.0,2.0
1200,1:1,5,throughput_veh_h,False,1064.0,1060.0,-4.0
1200,1:2,1,total_time_spent_s,True,469013.0,456697.0,-12316.0
1200,1:2,1,network_time_spent_s,True,126634.0,126485.0,-149.0
1200,1:2,1,insertion_wait_time_s,True,342379.0,330212.0,-12167.0
1200,1:2,1,unfinished_vehicles,True,138.0,130.0,-8.0
1200,1:2,1,throughput_veh_h,False,924.0,940.0000000000001,16.000000000000114
1200,1:2,2,total_time_spent_s,True,465288.0,474593.0,9305.0
1200,1:2,2,network_time_spent_s,True,127071.0,127306.0,235.0
1200,1:2,2,insertion_wait_time_s,True,338217.0,347287.0,9070.0
1200,1:2,2,unfinished_vehicles,True,134.0,142.0,8.0
1200,1:2,2,throughput_veh_h,False,932.0,915.9999999999999,-16.000000000000114
1200,1:2,3,total_time_spent_s,True,468076.0,474116.0,6040.0
1200,1:2,3,network_time_spent_s,True,126985.0,127302.0,317.0
1200,1:2,3,insertion_wait_time_s,True,341091.0,346814.0,5723.0
1200,1:2,3,unfinished_vehicles,True,138.0,142.0,4.0
1200,1:2,3,throughput_veh_h,False,924.0,915.9999999999999,-8.000000000000114
1200,1:2,4,total_time_spent_s,True,470739.0,464109.0,-6630.0
1200,1:2,4,network_time_spent_s,True,126761.0,126751.0,-10.0
1200,1:2,4,insertion_wait_time_s,True,343978.0,337358.0,-6620.0
1200,1:2,4,unfinished_vehicles,True,142.0,134.0,-8.0
1200,1:2,4,throughput_veh_h,False,915.9999999999999,932.0,16.000000000000114
1200,1:2,5,total_time_spent_s,True,461308.0,450994.0,-10314.0
1200,1:2,5,network_time_spent_s,True,126017.0,126144.0,127.0
1200,1:2,5,insertion_wait_time_s,True,335291.0,324850.0,-10441.0
1200,1:2,5,unfinished_vehicles,True,136.0,127.0,-9.0
1200,1:2,5,throughput_veh_h,False,928.0,946.0,18.0
1200,1:3,1,total_time_spent_s,True,477236.0,486324.0,9088.0
1200,1:3,1,network_time_spent_s,True,123546.0,123731.0,185.0
1200,1:3,1,insertion_wait_time_s,True,353690.0,362593.0,8903.0
1200,1:3,1,unfinished_vehicles,True,143.0,149.0,6.0
1200,1:3,1,throughput_veh_h,False,914.0,901.9999999999999,-12.000000000000114
1200,1:3,2,total_time_spent_s,True,499983.0,488089.0,-11894.0
1200,1:3,2,network_time_spent_s,True,124371.0,124427.0,56.0
1200,1:3,2,insertion_wait_time_s,True,375612.0,363662.0,-11950.0
1200,1:3,2,unfinished_vehicles,True,154.0,147.0,-7.0
1200,1:3,2,throughput_veh_h,False,892.0,905.9999999999999,13.999999999999886
1200,1:3,3,total_time_spent_s,True,505559.0,509345.0,3786.0
1200,1:3,3,network_time_spent_s,True,124240.0,124517.0,277.0
1200,1:3,3,insertion_wait_time_s,True,381319.0,384828.0,3509.0
1200,1:3,3,unfinished_vehicles,True,163.0,168.0,5.0
1200,1:3,3,throughput_veh_h,False,874.0,864.0,-10.0
1200,1:3,4,total_time_spent_s,True,494610.0,480176.0,-14434.0
1200,1:3,4,network_time_spent_s,True,123387.0,123398.0,11.0
1200,1:3,4,insertion_wait_time_s,True,371223.0,356778.0,-14445.0
1200,1:3,4,unfinished_vehicles,True,156.0,150.0,-6.0
1200,1:3,4,throughput_veh_h,False,888.0,900.0,12.0
1200,1:3,5,total_time_spent_s,True,497520.0,490529.0,-6991.0
1200,1:3,5,network_time_spent_s,True,123948.0,124076.0,128.0
1200,1:3,5,insertion_wait_time_s,True,373572.0,366453.0,-7119.0
1200,1:3,5,unfinished_vehicles,True,156.0,151.0,-5.0
1200,1:3,5,throughput_veh_h,False,888.0,898.0,10.0
1200,1:4,1,total_time_spent_s,True,482673.0,481263.0,-1410.0
1200,1:4,1,network_time_spent_s,True,121373.0,121730.0,357.0
1200,1:4,1,insertion_wait_time_s,True,361300.0,359533.0,-1767.0
1200,1:4,1,unfinished_vehicles,True,148.0,144.0,-4.0
1200,1:4,1,throughput_veh_h,False,904.0,912.0000000000001,8.000000000000114
1200,1:4,2,total_time_spent_s,True,485782.0,492568.0,6786.0
1200,1:4,2,network_time_spent_s,True,121693.0,122072.0,379.0
1200,1:4,2,insertion_wait_time_s,True,364089.0,370496.0,6407.0
1200,1:4,2,unfinished_vehicles,True,148.0,155.0,7.0
1200,1:4,2,throughput_veh_h,False,904.0,890.0,-14.0
1200,1:4,3,total_time_spent_s,True,465717.0,489317.0,23600.0
1200,1:4,3,network_time_spent_s,True,121004.0,121559.0,555.0
1200,1:4,3,insertion_wait_time_s,True,344713.0,367758.0,23045.0
1200,1:4,3,unfinished_vehicles,True,135.0,151.0,16.0
1200,1:4,3,throughput_veh_h,False,930.0000000000001,898.0,-32.000000000000114
1200,1:4,4,total_time_spent_s,True,477020.0,464699.0,-12321.0
1200,1:4,4,network_time_spent_s,True,120972.0,121048.0,76.0
1200,1:4,4,insertion_wait_time_s,True,356048.0,343651.0,-12397.0
1200,1:4,4,unfinished_vehicles,True,145.0,138.0,-7.0
1200,1:4,4,throughput_veh_h,False,910.0,924.0,14.0
1200,1:4,5,total_time_spent_s,True,475348.0,484992.0,9644.0
1200,1:4,5,network_time_spent_s,True,121355.0,121672.0,317.0
1200,1:4,5,insertion_wait_time_s,True,353993.0,363320.0,9327.0
1200,1:4,5,unfinished_vehicles,True,139.0,145.0,6.0
1200,1:4,5,throughput_veh_h,False,922.0,910.0,-12.0
1200,1:5,1,total_time_spent_s,True,380202.0,476847.0,96645.0
1200,1:5,1,network_time_spent_s,True,117567.0,120251.0,2684.0
1200,1:5,1,insertion_wait_time_s,True,262635.0,356596.0,93961.0
1200,1:5,1,unfinished_vehicles,True,81.0,143.0,62.0
1200,1:5,1,throughput_veh_h,False,1038.0,914.0,-124.0
1200,1:5,2,total_time_spent_s,True,403961.0,481095.0,77134.0
1200,1:5,2,network_time_spent_s,True,119028.0,120615.0,1587.0
1200,1:5,2,insertion_wait_time_s,True,284933.0,360480.0,75547.0
1200,1:5,2,unfinished_vehicles,True,94.0,147.0,53.0
1200,1:5,2,throughput_veh_h,False,1011.9999999999999,905.9999999999999,-106.0
1200,1:5,3,total_time_spent_s,True,405903.0,476812.0,70909.0
1200,1:5,3,network_time_spent_s,True,118620.0,120488.0,1868.0
1200,1:5,3,insertion_wait_time_s,True,287283.0,356324.0,69041.0
1200,1:5,3,unfinished_vehicles,True,94.0,144.0,50.0
1200,1:5,3,throughput_veh_h,False,1011.9999999999999,912.0000000000001,-99.99999999999977
1200,1:5,4,total_time_spent_s,True,379955.0,484788.0,104833.0
1200,1:5,4,network_time_spent_s,True,118028.0,119930.0,1902.0
1200,1:5,4,insertion_wait_time_s,True,261927.0,364858.0,102931.0
1200,1:5,4,unfinished_vehicles,True,76.0,148.0,72.0
1200,1:5,4,throughput_veh_h,False,1048.0,904.0,-144.0
1200,1:5,5,total_time_spent_s,True,415687.0,480869.0,65182.0
1200,1:5,5,network_time_spent_s,True,118931.0,120185.0,1254.0
1200,1:5,5,insertion_wait_time_s,True,296756.0,360684.0,63928.0
1200,1:5,5,unfinished_vehicles,True,98.0,146.0,48.0
1200,1:5,5,throughput_veh_h,False,1004.0000000000001,908.0,-96.00000000000011
