main_veh_h,side_veh_h,expected_generated_veh,generated_veh,arrived_veh,unfinished_vehicles,throughput,avg_wait_time_s,total_wait_time_s,queue_length,avg_travel_time_s,total_travel_time_s,state,seed,duration_s,clearance_time_s,simulation_end_s,peak_queue_vehicles,final_running_vehicles,final_waiting_vehicles,inserted_vehicles,loaded_vehicles,teleports,collisions,capacity_state
1800,2000,1900,1900,1900,0,1.0555555555555556,0.0005263157894736842,1.0,0,96.57263157894737,183488.0,queue,7,1800.0,600.0,2400.0,145,0,0,1900,1900,0,0,recovered
1800,2000,1900,1900,1900,0,1.0555555555555556,0.002105263157894737,4.0,0,97.07684210526315,184446.0,queue,42,1800.0,600.0,2400.0,160,0,0,1900,1900,0,0,recovered
1800,2000,1900,1900,1900,0,1.0555555555555556,0.0015789473684210526,3.0,0,96.4257894736842,183209.0,queue,99,1800.0,600.0,2400.0,149,0,0,1900,1900,0,0,recovered
1800,2000,1900,1900,1900,0,1.0555555555555556,0.0,0.0,0,96.54473684210527,183435.0,queue,123,1800.0,600.0,2400.0,160,0,0,1900,1900,0,0,recovered
1800,2000,1900,1900,1900,0,1.0555555555555556,0.0015789473684210526,3.0,0,95.6478947368421,181731.0,queue,2026,1800.0,600.0,2400.0,164,0,0,1900,1900,0,0,recovered
1800,2050,1925,1926,1926,0,1.07,0.001557632398753894,3.0,0,97.32554517133957,187449.0,queue,7,1800.0,600.0,2400.0,168,0,0,1926,1926,0,0,recovered
1800,2050,1925,1926,1926,0,1.07,0.001557632398753894,3.0,0,97.6282450674974,188032.0,queue,42,1800.0,600.0,2400.0,187,0,0,1926,1926,0,0,recovered
1800,2050,1925,1926,1926,0,1.07,0.0020768431983385254,4.0,0,96.48234683281412,185825.0,queue,99,1800.0,600.0,2400.0,179,0,0,1926,1926,0,0,recovered
1800,2050,1925,1926,1926,0,1.07,0.0005192107995846313,1.0,0,96.45586708203531,185774.0,queue,123,1800.0,600.0,2400.0,188,0,0,1926,1926,0,0,recovered
1800,2050,1925,1926,1926,0,1.07,0.004672897196261682,9.0,0,95.8785046728972,184662.0,queue,2026,1800.0,600.0,2400.0,187,0,0,1926,1926,0,0,recovered
1800,2100,1950,1951,1951,0,1.083888888888889,0.0030753459764223477,6.0,0,95.69502819067145,186701.0,queue,7,1800.0,600.0,2400.0,219,0,0,1951,1951,0,0,recovered
1800,2100,1950,1951,1951,0,1.083888888888889,0.0010251153254741158,2.0,0,97.14146591491543,189523.0,queue,42,1800.0,600.0,2400.0,211,0,0,1951,1951,0,0,recovered
1800,2100,1950,1951,1951,0,1.083888888888889,0.0,0.0,0,95.66222450025627,186637.0,queue,99,1800.0,600.0,2400.0,215,0,0,1951,1951,0,0,recovered
1800,2100,1950,1951,1951,0,1.083888888888889,0.0005125576627370579,1.0,0,96.51563300871348,188302.0,queue,123,1800.0,600.0,2400.0,202,0,0,1951,1951,0,0,recovered
1800,2100,1950,1951,1951,0,1.083888888888889,0.0010251153254741158,2.0,0,95.88262429523321,187067.0,queue,2026,1800.0,600.0,2400.0,211,0,0,1951,1951,0,0,recovered
1800,2150,1975,1976,1961,15,1.0894444444444444,0.0015298317185109638,3.0,15,95.90922998470168,188078.0,breakdown,7,1800.0,600.0,2400.0,241,15,0,1976,1976,0,0,breakdown
1800,2150,1975,1976,1971,5,1.095,0.0020294266869609334,4.0,5,97.13647894469813,191456.0,breakdown,42,1800.0,600.0,2400.0,233,5,0,1976,1976,0,0,breakdown
1800,2150,1975,1976,1964,12,1.0911111111111111,0.003054989816700611,6.0,12,95.9877800407332,188520.0,breakdown,99,1800.0,600.0,2400.0,234,12,0,1976,1976,0,0,breakdown
1800,2150,1975,1976,1957,19,1.0872222222222223,0.005109862033725089,10.0,19,95.03985692386306,185993.0,breakdown,123,1800.0,600.0,2400.0,247,19,0,1976,1976,0,0,breakdown
1800,2150,1975,1976,1976,0,1.0977777777777777,0.0020242914979757085,4.0,0,95.75961538461539,189221.0,queue,2026,1800.0,600.0,2400.0,230,0,0,1976,1976,0,0,recovered
1800,2200,2000,2001,1977,24,1.0983333333333334,0.0020232675771370764,4.0,24,96.64491654021245,191067.0,breakdown,7,1800.0,600.0,2400.0,253,24,0,2001,2001,0,0,breakdown
1800,2200,2000,2001,1961,40,1.0894444444444444,0.0015298317185109638,3.0,40,96.77613462519123,189778.0,breakdown,42,1800.0,600.0,2400.0,262,40,0,2001,2001,0,0,breakdown
1800,2200,2000,2001,1968,33,1.0933333333333333,0.001524390243902439,3.0,33,96.69817073170732,190302.0,breakdown,99,1800.0,600.0,2400.0,258,33,0,2001,2001,0,0,breakdown
1800,2200,2000,2001,1947,54,1.0816666666666668,0.0030816640986132513,6.0,54,95.35747303543914,185661.0,breakdown,123,1800.0,600.0,2400.0,283,45,9,1992,2001,0,0,breakdown
1800,2200,2000,2001,1969,32,1.093888888888889,0.002031488065007618,4.0,32,96.3834433722702,189779.0,breakdown,2026,1800.0,600.0,2400.0,254,32,0,2001,2001,0,0,breakdown
1800,2250,2025,2025,1952,73,1.0844444444444445,0.004098360655737705,8.0,73,94.98719262295081,185415.0,breakdown,7,1800.0,600.0,2400.0,298,50,23,2002,2025,0,0,breakdown
1800,2250,2025,2025,1967,58,1.0927777777777778,0.0020335536349771225,4.0,58,96.82511438739196,190455.0,breakdown,42,1800.0,600.0,2400.0,287,47,11,2014,2025,0,0,breakdown
1800,2250,2025,2025,1975,50,1.0972222222222223,0.002531645569620253,5.0,50,96.24455696202531,190083.0,breakdown,99,1800.0,600.0,2400.0,283,48,2,2023,2025,0,0,breakdown
1800,2250,2025,2025,1970,55,1.0944444444444446,0.0010152284263959391,2.0,55,95.96142131979695,189044.0,breakdown,123,1800.0,600.0,2400.0,293,44,11,2014,2025,0,0,breakdown
1800,2250,2025,2025,1981,44,1.1005555555555555,0.001514386673397274,3.0,44,96.2155477031802,190603.0,breakdown,2026,1800.0,600.0,2400.0,270,44,0,2025,2025,0,0,breakdown
1800,2300,2050,2051,1964,87,1.0911111111111111,0.0015274949083503055,3.0,87,94.65376782077394,185900.0,breakdown,7,1800.0,600.0,2400.0,318,48,39,2012,2051,0,0,breakdown
1800,2300,2050,2051,1942,109,1.0788888888888888,0.0025746652935118436,5.0,109,95.46240988671472,185388.0,breakdown,42,1800.0,600.0,2400.0,330,47,62,1989,2051,0,0,breakdown
1800,2300,2050,2051,1962,89,1.09,0.0030581039755351682,6.0,89,94.77217125382263,185943.0,breakdown,99,1800.0,600.0,2400.0,317,49,40,2011,2051,0,0,breakdown
1800,2300,2050,2051,1968,83,1.0933333333333333,0.0020325203252032522,4.0,83,95.5685975609756,188079.0,breakdown,123,1800.0,600.0,2400.0,314,45,38,2013,2051,0,0,breakdown
1800,2300,2050,2051,1960,91,1.0888888888888888,0.0005102040816326531,1.0,91,95.21275510204082,186617.0,breakdown,2026,1800.0,600.0,2400.0,311,48,43,2008,2051,0,0,breakdown
1800,2350,2075,2075,1970,105,1.0944444444444446,0.0025380710659898475,5.0,105,95.19137055837564,187527.0,breakdown,7,1800.0,600.0,2400.0,334,49,56,2019,2075,0,0,breakdown
1800,2350,2075,2075,1948,127,1.0822222222222222,0.003593429158110883,7.0,127,95.1935318275154,185437.0,breakdown,42,1800.0,600.0,2400.0,352,49,78,1997,2075,0,0,breakdown
1800,2350,2075,2075,1949,126,1.0827777777777778,0.002565418163160595,5.0,126,94.60851718830169,184392.0,breakdown,99,1800.0,600.0,2400.0,352,49,77,1998,2075,0,0,breakdown
1800,2350,2075,2075,1960,115,1.0888888888888888,0.001530612244897959,3.0,115,95.36683673469388,186919.0,breakdown,123,1800.0,600.0,2400.0,347,47,68,2007,2075,0,0,breakdown
1800,2350,2075,2075,1952,123,1.0844444444444445,0.0025614754098360654,5.0,123,94.23053278688525,183938.0,breakdown,2026,1800.0,600.0,2400.0,355,45,78,1997,2075,0,0,breakdown
1800,2400,2100,2100,1960,140,1.0888888888888888,0.0020408163265306124,4.0,140,94.75867346938776,185727.0,breakdown,7,1800.0,600.0,2400.0,369,46,94,2006,2100,0,0,breakdown
1800,2400,2100,2100,1970,130,1.0944444444444446,0.0015228426395939086,3.0,130,96.00406091370559,189128.0,breakdown,42,1800.0,600.0,2400.0,359,47,83,2017,2100,0,0,breakdown
1800,2400,2100,2100,1954,146,1.0855555555555556,0.0020470829068577278,4.0,146,94.14585465711362,183961.0,breakdown,99,1800.0,600.0,2400.0,377,43,103,1997,2100,0,0,breakdown
1800,2400,2100,2100,1961,139,1.0894444444444444,0.0035696073431922487,7.0,139,95.03416624171341,186362.0,breakdown,123,1800.0,600.0,2400.0,371,46,93,2007,2100,0,0,breakdown
1800,2400,2100,2100,1937,163,1.076111111111111,0.002581311306143521,5.0,163,93.85957666494579,181806.0,breakdown,2026,1800.0,600.0,2400.0,387,48,115,1985,2100,0,0,breakdown
