total_demand_veh_h,demand_ratio,main_veh_h,side_veh_h,expected_generated_veh,generated_veh,arrived_veh,unfinished_vehicles,throughput,avg_wait_time_s,total_wait_time_s,queue_length,avg_travel_time_s,total_travel_time_s,state,seed,duration_s,clearance_time_s,simulation_end_s,peak_queue_vehicles,final_running_vehicles,final_waiting_vehicles,inserted_vehicles,loaded_vehicles,teleports,collisions,capacity_state
3950,1:1,1975,1975,1976,1976,1976,0,1.0977777777777777,0.0,0.0,0,93.53491902834008,184825.0,free_flow,7,1800.0,600.0,2400.0,0,0,0,1976,1976,0,0,recovered
3950,1:1,1975,1975,1976,1976,1976,0,1.0977777777777777,0.0,0.0,0,95.43724696356276,188584.0,free_flow,42,1800.0,600.0,2400.0,0,0,0,1976,1976,0,0,recovered
3950,1:1,1975,1975,1976,1976,1976,0,1.0977777777777777,0.0,0.0,0,94.22925101214575,186197.0,free_flow,99,1800.0,600.0,2400.0,0,0,0,1976,1976,0,0,recovered
3950,1:1,1975,1975,1976,1976,1976,0,1.0977777777777777,0.0,0.0,0,94.17763157894737,186095.0,free_flow,123,1800.0,600.0,2400.0,0,0,0,1976,1976,0,0,recovered
3950,1:1,1975,1975,1976,1976,1976,0,1.0977777777777777,0.0,0.0,0,93.71912955465586,185189.0,free_flow,2026,1800.0,600.0,2400.0,0,0,0,1976,1976,0,0,recovered
3950,1:2,1317,2633,1974,1976,1712,264,0.9511111111111111,0.0005841121495327102,1.0,264,91.45619158878505,156573.0,breakdown,7,1800.0,600.0,2400.0,503,46,218,1758,1976,0,0,breakdown
3950,1:2,1317,2633,1974,1976,1735,241,0.9638888888888889,0.00345821325648415,6.0,241,92.0270893371758,159667.0,breakdown,42,1800.0,600.0,2400.0,485,40,201,1775,1976,0,0,breakdown
3950,1:2,1317,2633,1974,1976,1732,244,0.9622222222222222,0.0017321016166281756,3.0,244,91.42032332563511,158340.0,breakdown,99,1800.0,600.0,2400.0,477,45,199,1777,1976,0,0,breakdown
3950,1:2,1317,2633,1974,1976,1710,266,0.95,0.0017543859649122807,3.0,266,91.71345029239767,156830.0,breakdown,123,1800.0,600.0,2400.0,495,44,222,1754,1976,0,0,breakdown
3950,1:2,1317,2633,1974,1976,1703,273,0.9461111111111111,0.004110393423370522,7.0,273,91.34116265413975,155554.0,breakdown,2026,1800.0,600.0,2400.0,498,45,228,1748,1976,0,0,breakdown
3950,1:3,988,2962,1975,1976,1552,424,0.8622222222222222,0.0019329896907216496,3.0,424,91.67139175257732,142274.0,breakdown,7,1800.0,600.0,2400.0,658,44,380,1596,1976,0,0,breakdown
3950,1:3,988,2962,1975,1976,1561,415,0.8672222222222222,0.003843689942344651,6.0,415,93.00320307495195,145178.0,breakdown,42,1800.0,600.0,2400.0,654,44,371,1605,1976,0,0,breakdown
3950,1:3,988,2962,1975,1976,1542,434,0.8566666666666667,0.0019455252918287938,3.0,434,91.03501945525292,140376.0,breakdown,99,1800.0,600.0,2400.0,659,45,389,1587,1976,0,0,breakdown
3950,1:3,988,2962,1975,1976,1566,410,0.87,0.004469987228607918,7.0,410,92.55555555555556,144942.0,breakdown,123,1800.0,600.0,2400.0,639,44,366,1610,1976,0,0,breakdown
3950,1:3,988,2962,1975,1976,1551,425,0.8616666666666667,0.0025789813023855577,4.0,425,91.55512572533848,142002.0,breakdown,2026,1800.0,600.0,2400.0,660,38,387,1589,1976,0,0,breakdown
3950,1:4,790,3160,1975,1976,1458,518,0.81,0.003429355281207133,5.0,518,91.900548696845,133991.0,breakdown,7,1800.0,600.0,2400.0,752,42,476,1500,1976,0,0,breakdown
3950,1:4,790,3160,1975,1976,1465,511,0.8138888888888889,0.0034129692832764505,5.0,511,93.01092150170649,136261.0,breakdown,42,1800.0,600.0,2400.0,744,41,470,1506,1976,0,0,breakdown
3950,1:4,790,3160,1975,1976,1454,522,0.8077777777777778,0.0034387895460797797,5.0,522,91.58321870701513,133162.0,breakdown,99,1800.0,600.0,2400.0,752,40,482,1494,1976,0,0,breakdown
3950,1:4,790,3160,1975,1976,1480,496,0.8222222222222222,0.002702702702702703,4.0,496,92.70067567567567,137197.0,breakdown,123,1800.0,600.0,2400.0,733,44,452,1524,1976,0,0,breakdown
3950,1:4,790,3160,1975,1976,1472,504,0.8177777777777778,0.0020380434782608695,3.0,504,91.71671195652173,135007.0,breakdown,2026,1800.0,600.0,2400.0,742,39,465,1511,1976,0,0,breakdown
3950,1:5,658,3292,1975,1976,1392,584,0.7733333333333333,0.005747126436781609,8.0,584,92.27298850574712,128444.0,breakdown,7,1800.0,600.0,2400.0,819,41,543,1433,1976,0,0,breakdown
3950,1:5,658,3292,1975,1976,1396,580,0.7755555555555556,0.0064469914040114614,9.0,580,93.30945558739255,130260.0,breakdown,42,1800.0,600.0,2400.0,812,41,539,1437,1976,0,0,breakdown
3950,1:5,658,3292,1975,1976,1416,560,0.7866666666666666,0.00211864406779661,3.0,560,92.11723163841808,130438.0,breakdown,99,1800.0,600.0,2400.0,798,44,516,1460,1976,0,0,breakdown
3950,1:5,658,3292,1975,1976,1384,592,0.7688888888888888,0.002890173410404624,4.0,592,92.6235549132948,128191.0,breakdown,123,1800.0,600.0,2400.0,825,42,550,1426,1976,0,0,breakdown
3950,1:5,658,3292,1975,1976,1380,596,0.7666666666666667,0.005072463768115942,7.0,596,91.98478260869565,126939.0,breakdown,2026,1800.0,600.0,2400.0,827,42,554,1422,1976,0,0,breakdown
4000,1:1,2000,2000,2000,2000,2000,0,1.1111111111111112,0.0,0.0,0,94.4445,188889.0,free_flow,7,1800.0,600.0,2400.0,0,0,0,2000,2000,0,0,recovered
4000,1:1,2000,2000,2000,2000,2000,0,1.1111111111111112,0.0,0.0,0,95.4395,190879.0,free_flow,42,1800.0,600.0,2400.0,0,0,0,2000,2000,0,0,recovered
4000,1:1,2000,2000,2000,2000,2000,0,1.1111111111111112,0.0,0.0,0,94.993,189986.0,free_flow,99,1800.0,600.0,2400.0,0,0,0,2000,2000,0,0,recovered
4000,1:1,2000,2000,2000,2000,2000,0,1.1111111111111112,0.0,0.0,0,95.029,190058.0,free_flow,123,1800.0,600.0,2400.0,0,0,0,2000,2000,0,0,recovered
4000,1:1,2000,2000,2000,2000,2000,0,1.1111111111111112,0.0,0.0,0,93.96,187920.0,free_flow,2026,1800.0,600.0,2400.0,0,0,0,2000,2000,0,0,recovered
4000,1:2,1333,2667,2000,2001,1725,276,0.9583333333333334,0.002898550724637681,5.0,276,91.58492753623189,157984.0,breakdown,7,1800.0,600.0,2400.0,506,39,237,1764,2001,0,0,breakdown
4000,1:2,1333,2667,2000,2001,1716,285,0.9533333333333334,0.002913752913752914,5.0,285,92.07226107226107,157996.0,breakdown,42,1800.0,600.0,2400.0,501,44,241,1760,2001,0,0,breakdown
4000,1:2,1333,2667,2000,2001,1746,255,0.97,0.002290950744558992,4.0,255,91.4581901489118,159686.0,breakdown,99,1800.0,600.0,2400.0,490,34,221,1780,2001,0,0,breakdown
4000,1:2,1333,2667,2000,2001,1714,287,0.9522222222222222,0.001750291715285881,3.0,287,91.60035005834305,157003.0,breakdown,123,1800.0,600.0,2400.0,514,47,240,1761,2001,0,0,breakdown
4000,1:2,1333,2667,2000,2001,1726,275,0.9588888888888889,0.0017381228273464658,3.0,275,91.49304750869061,157917.0,breakdown,2026,1800.0,600.0,2400.0,502,43,232,1769,2001,0,0,breakdown
4000,1:3,1000,3000,2000,2000,1549,451,0.8605555555555555,0.001936733376371853,3.0,451,91.80955455132343,142213.0,breakdown,7,1800.0,600.0,2400.0,680,42,409,1591,2000,0,0,breakdown
4000,1:3,1000,3000,2000,2000,1573,427,0.8738888888888889,0.0006357279084551812,1.0,427,93.09027336300063,146431.0,breakdown,42,1800.0,600.0,2400.0,663,45,382,1618,2000,0,0,breakdown
4000,1:3,1000,3000,2000,2000,1548,452,0.86,0.003875968992248062,6.0,452,91.41020671834626,141503.0,breakdown,99,1800.0,600.0,2400.0,678,46,406,1594,2000,0,0,breakdown
4000,1:3,1000,3000,2000,2000,1554,446,0.8633333333333333,0.0019305019305019305,3.0,446,91.97168597168597,142924.0,breakdown,123,1800.0,600.0,2400.0,675,45,401,1599,2000,0,0,breakdown
4000,1:3,1000,3000,2000,2000,1576,424,0.8755555555555555,0.0025380710659898475,4.0,424,91.58565989847716,144339.0,breakdown,2026,1800.0,600.0,2400.0,658,42,382,1618,2000,0,0,breakdown
4000,1:4,800,3200,2000,2000,1455,545,0.8083333333333333,0.0027491408934707906,4.0,545,91.81718213058419,133594.0,breakdown,7,1800.0,600.0,2400.0,781,40,505,1495,2000,0,0,breakdown
4000,1:4,800,3200,2000,2000,1466,534,0.8144444444444444,0.001364256480218281,2.0,534,92.84924965893588,136117.0,breakdown,42,1800.0,600.0,2400.0,772,45,489,1511,2000,0,0,breakdown
4000,1:4,800,3200,2000,2000,1455,545,0.8083333333333333,0.002061855670103093,3.0,545,91.63917525773196,133335.0,breakdown,99,1800.0,600.0,2400.0,777,43,502,1498,2000,0,0,breakdown
4000,1:4,800,3200,2000,2000,1460,540,0.8111111111111111,0.002054794520547945,3.0,540,92.62397260273973,135231.0,breakdown,123,1800.0,600.0,2400.0,763,44,496,1504,2000,0,0,breakdown
4000,1:4,800,3200,2000,2000,1462,538,0.8122222222222222,0.003419972640218878,5.0,538,91.57387140902873,133881.0,breakdown,2026,1800.0,600.0,2400.0,768,45,493,1507,2000,0,0,breakdown
4000,1:5,667,3333,2000,2001,1395,606,0.775,0.0,0.0,606,92.18494623655914,128598.0,breakdown,7,1800.0,600.0,2400.0,839,42,564,1437,2001,0,0,breakdown
4000,1:5,667,3333,2000,2001,1392,609,0.7733333333333333,0.0028735632183908046,4.0,609,93.13362068965517,129642.0,breakdown,42,1800.0,600.0,2400.0,833,44,565,1436,2001,0,0,breakdown
4000,1:5,667,3333,2000,2001,1403,598,0.7794444444444445,0.0021382751247327157,3.0,598,91.69137562366357,128643.0,breakdown,99,1800.0,600.0,2400.0,833,44,554,1447,2001,0,0,breakdown
4000,1:5,667,3333,2000,2001,1397,604,0.7761111111111111,0.0014316392269148174,2.0,604,92.59770937723694,129359.0,breakdown,123,1800.0,600.0,2400.0,840,45,559,1442,2001,0,0,breakdown
4000,1:5,667,3333,2000,2001,1401,600,0.7783333333333333,0.0021413276231263384,3.0,600,92.16488222698072,129123.0,breakdown,2026,1800.0,600.0,2400.0,828,49,551,1450,2001,0,0,breakdown
