strategy,main_veh_h,side_veh_h,expected_generated_veh,generated_veh,arrived_veh,unfinished_vehicles,throughput,avg_wait_time_s,total_wait_time_s,queue_length,avg_travel_time_s,total_travel_time_s,state,seed,duration_s,clearance_time_s,simulation_end_s,peak_queue_vehicles,final_running_vehicles,final_waiting_vehicles,inserted_vehicles,loaded_vehicles,teleports,collisions
uncontrolled,200,818,509,509,508,1,0.2822222222222222,74.12795275590551,37657.0,1,222.73425196850394,113149.0,breakdown,1,1800.0,600.0,2400.0,191,1,0,509,509,0,0
uncontrolled,200,818,509,509,503,6,0.27944444444444444,76.55467196819086,38507.0,6,224.99005964214712,113170.0,breakdown,2,1800.0,600.0,2400.0,191,6,0,509,509,0,0
uncontrolled,200,818,509,509,509,0,0.2827777777777778,71.54223968565816,36415.0,0,220.87229862475442,112424.0,queue,3,1800.0,600.0,2400.0,179,0,0,509,509,0,0
uncontrolled,200,818,509,509,509,0,0.2827777777777778,62.22789783889981,31674.0,0,214.5893909626719,109226.0,queue,4,1800.0,600.0,2400.0,156,0,0,509,509,0,0
uncontrolled,200,818,509,509,509,0,0.2827777777777778,69.95481335952849,35607.0,0,218.1728880157171,111050.0,queue,5,1800.0,600.0,2400.0,180,0,0,509,509,0,0
uncontrolled,200,819,510,510,508,2,0.2822222222222222,74.71653543307086,37956.0,2,223.3996062992126,113487.0,breakdown,1,1800.0,600.0,2400.0,192,2,0,510,510,0,0
uncontrolled,200,819,510,510,510,0,0.2833333333333333,70.81764705882352,36117.0,0,218.76666666666668,111571.0,queue,2,1800.0,600.0,2400.0,181,0,0,510,510,0,0
uncontrolled,200,819,510,510,509,1,0.2827777777777778,70.58742632612966,35929.0,1,222.65029469548134,113329.0,breakdown,3,1800.0,600.0,2400.0,177,1,0,510,510,0,0
uncontrolled,200,819,510,510,505,5,0.28055555555555556,76.44950495049505,38607.0,5,224.88316831683167,113566.0,breakdown,4,1800.0,600.0,2400.0,194,5,0,510,510,0,0
uncontrolled,200,819,510,510,506,4,0.2811111111111111,76.76679841897233,38844.0,4,222.35770750988144,112513.0,breakdown,5,1800.0,600.0,2400.0,193,4,0,510,510,0,0
uncontrolled,200,820,510,511,505,6,0.28055555555555556,75.36633663366337,38060.0,6,224.42772277227724,113336.0,breakdown,1,1800.0,600.0,2400.0,192,6,0,511,511,0,0
uncontrolled,200,820,510,511,491,20,0.2727777777777778,80.14867617107943,39353.0,20,227.81466395112017,111857.0,breakdown,2,1800.0,600.0,2400.0,192,20,0,511,511,0,0
uncontrolled,200,820,510,511,511,0,0.2838888888888889,67.76516634050881,34628.0,0,219.15264187866927,111987.0,queue,3,1800.0,600.0,2400.0,180,0,0,511,511,0,0
uncontrolled,200,820,510,511,501,10,0.2783333333333333,77.88023952095809,39018.0,10,226.25349301397205,113353.0,breakdown,4,1800.0,600.0,2400.0,196,10,0,511,511,0,0
uncontrolled,200,820,510,511,498,13,0.27666666666666667,80.26907630522088,39974.0,13,225.15261044176708,112126.0,breakdown,5,1800.0,600.0,2400.0,199,13,0,511,511,0,0
1:1,200,818,509,509,420,89,0.23333333333333334,47.147619047619045,19802.0,89,275.54047619047617,115727.0,breakdown,1,1800.0,600.0,2400.0,268,47,42,467,509,0,0
1:1,200,818,509,509,416,93,0.2311111111111111,46.90144230769231,19511.0,93,278.7355769230769,115954.0,breakdown,2,1800.0,600.0,2400.0,270,46,47,462,509,0,0
1:1,200,818,509,509,417,92,0.23166666666666666,47.10071942446043,19641.0,92,278.04076738609115,115943.0,breakdown,3,1800.0,600.0,2400.0,272,46,46,463,509,0,0
1:1,200,818,509,509,417,92,0.23166666666666666,46.64988009592326,19453.0,92,278.4916067146283,116131.0,breakdown,4,1800.0,600.0,2400.0,272,44,48,461,509,0,0
1:1,200,818,509,509,414,95,0.23,46.6256038647343,19303.0,95,280.4661835748792,116113.0,breakdown,5,1800.0,600.0,2400.0,271,46,49,460,509,0,0
1:1,200,819,510,510,416,94,0.2311111111111111,47.10336538461539,19595.0,94,278.4567307692308,115838.0,breakdown,1,1800.0,600.0,2400.0,270,47,47,463,510,0,0
1:1,200,819,510,510,417,93,0.23166666666666666,46.92805755395683,19569.0,93,278.74340527577937,116236.0,breakdown,2,1800.0,600.0,2400.0,269,46,47,463,510,0,0
1:1,200,819,510,510,417,93,0.23166666666666666,46.08872901678657,19219.0,93,278.7841726618705,116253.0,breakdown,3,1800.0,600.0,2400.0,270,45,48,462,510,0,0
1:1,200,819,510,510,416,94,0.2311111111111111,48.53365384615385,20190.0,94,279.3004807692308,116189.0,breakdown,4,1800.0,600.0,2400.0,276,44,50,460,510,0,0
1:1,200,819,510,510,411,99,0.22833333333333333,48.06812652068127,19756.0,99,282.2457420924574,116003.0,breakdown,5,1800.0,600.0,2400.0,275,47,52,458,510,0,0
1:1,200,820,510,511,418,93,0.23222222222222222,45.49282296650718,19016.0,93,277.13157894736844,115841.0,breakdown,1,1800.0,600.0,2400.0,270,46,47,464,511,0,0
1:1,200,820,510,511,414,97,0.23,47.36231884057971,19608.0,97,280.19806763285027,116002.0,breakdown,2,1800.0,600.0,2400.0,272,47,50,461,511,0,0
1:1,200,820,510,511,416,95,0.2311111111111111,48.16105769230769,20035.0,95,279.22596153846155,116158.0,breakdown,3,1800.0,600.0,2400.0,275,45,50,461,511,0,0
1:1,200,820,510,511,418,93,0.23222222222222222,46.27272727272727,19342.0,93,277.35885167464113,115936.0,breakdown,4,1800.0,600.0,2400.0,273,46,47,464,511,0,0
1:1,200,820,510,511,418,93,0.23222222222222222,45.942583732057415,19204.0,93,277.3205741626794,115920.0,breakdown,5,1800.0,600.0,2400.0,266,46,47,464,511,0,0
2:1,200,818,509,509,392,117,0.21777777777777776,97.95408163265306,38398.0,117,297.7576530612245,116721.0,breakdown,1,1800.0,600.0,2400.0,316,45,72,437,509,0,0
2:1,200,818,509,509,385,124,0.21388888888888888,103.96363636363637,40026.0,124,303.5376623376623,116862.0,breakdown,2,1800.0,600.0,2400.0,308,47,77,432,509,0,0
2:1,200,818,509,509,386,123,0.21444444444444444,95.77979274611398,36971.0,123,302.88860103626945,116915.0,breakdown,3,1800.0,600.0,2400.0,299,46,77,432,509,0,0
2:1,200,818,509,509,388,121,0.21555555555555556,93.59020618556701,36313.0,121,300.64948453608247,116652.0,breakdown,4,1800.0,600.0,2400.0,309,46,75,434,509,0,0
2:1,200,818,509,509,385,124,0.21388888888888888,98.44935064935065,37903.0,124,303.23636363636365,116746.0,breakdown,5,1800.0,600.0,2400.0,312,47,77,432,509,0,0
2:1,200,819,510,510,396,114,0.22,91.25757575757575,36138.0,114,294.87373737373736,116770.0,breakdown,1,1800.0,600.0,2400.0,307,44,70,440,510,0,0
2:1,200,819,510,510,385,125,0.21388888888888888,106.07792207792208,40840.0,125,304.5298701298701,117244.0,breakdown,2,1800.0,600.0,2400.0,313,45,80,430,510,0,0
2:1,200,819,510,510,387,123,0.215,97.55038759689923,37752.0,123,302.4935400516796,117065.0,breakdown,3,1800.0,600.0,2400.0,302,45,78,432,510,0,0
2:1,200,819,510,510,389,121,0.21611111111111111,99.47557840616966,38696.0,121,300.3033419023136,116818.0,breakdown,4,1800.0,600.0,2400.0,310,46,75,435,510,0,0
2:1,200,819,510,510,387,123,0.215,102.03359173126616,39487.0,123,301.8062015503876,116799.0,breakdown,5,1800.0,600.0,2400.0,312,46,77,433,510,0,0
2:1,200,820,510,511,389,122,0.21611111111111111,98.61182519280206,38360.0,122,300.12853470437017,116750.0,breakdown,1,1800.0,600.0,2400.0,311,46,76,435,511,0,0
2:1,200,820,510,511,388,123,0.21555555555555556,100.84536082474227,39128.0,123,300.7938144329897,116708.0,breakdown,2,1800.0,600.0,2400.0,310,48,75,436,511,0,0
2:1,200,820,510,511,389,122,0.21611111111111111,98.2133676092545,38205.0,122,300.95886889460155,117073.0,breakdown,3,1800.0,600.0,2400.0,307,45,77,434,511,0,0
2:1,200,820,510,511,390,121,0.21666666666666667,96.3051282051282,37559.0,121,299.83846153846156,116937.0,breakdown,4,1800.0,600.0,2400.0,300,44,77,434,511,0,0
2:1,200,820,510,511,390,121,0.21666666666666667,98.34615384615384,38355.0,121,299.425641025641,116776.0,breakdown,5,1800.0,600.0,2400.0,316,45,76,435,511,0,0
3:1,200,818,509,509,381,128,0.21166666666666667,116.37795275590551,44340.0,128,306.005249343832,116588.0,breakdown,1,1800.0,600.0,2400.0,325,47,81,428,509,0,0
3:1,200,818,509,509,374,135,0.20777777777777778,120.88770053475936,45212.0,135,312.9572192513369,117046.0,breakdown,2,1800.0,600.0,2400.0,320,48,87,422,509,0,0
3:1,200,818,509,509,377,132,0.20944444444444443,112.49071618037135,42409.0,132,310.0159151193634,116876.0,breakdown,3,1800.0,600.0,2400.0,307,48,84,425,509,0,0
3:1,200,818,509,509,383,126,0.2127777777777778,103.57441253263707,39669.0,126,305.33159268929506,116942.0,breakdown,4,1800.0,600.0,2400.0,316,46,80,429,509,0,0
3:1,200,818,509,509,374,135,0.20777777777777778,118.93315508021391,44481.0,135,312.53208556149735,116887.0,breakdown,5,1800.0,600.0,2400.0,330,47,88,421,509,0,0
3:1,200,819,510,510,384,126,0.21333333333333335,108.37760416666667,41617.0,126,303.8151041666667,116665.0,breakdown,1,1800.0,600.0,2400.0,317,47,79,431,510,0,0
3:1,200,819,510,510,372,138,0.20666666666666667,128.31989247311827,47735.0,138,316.35752688172045,117685.0,breakdown,2,1800.0,600.0,2400.0,326,44,94,416,510,0,0
3:1,200,819,510,510,380,130,0.2111111111111111,108.91578947368421,41388.0,130,307.44736842105266,116830.0,breakdown,3,1800.0,600.0,2400.0,304,47,83,427,510,0,0
3:1,200,819,510,510,379,131,0.21055555555555555,112.87862796833772,42781.0,131,308.69656992084435,116996.0,breakdown,4,1800.0,600.0,2400.0,318,46,85,425,510,0,0
3:1,200,819,510,510,375,135,0.20833333333333334,121.81866666666667,45682.0,135,312.26666666666665,117100.0,breakdown,5,1800.0,600.0,2400.0,328,45,90,420,510,0,0
3:1,200,820,510,511,381,130,0.21166666666666667,114.38845144356955,43582.0,130,306.23622047244095,116676.0,breakdown,1,1800.0,600.0,2400.0,320,47,83,428,511,0,0
3:1,200,820,510,511,373,138,0.20722222222222222,120.9892761394102,45129.0,138,313.7211796246649,117018.0,breakdown,2,1800.0,600.0,2400.0,327,49,89,422,511,0,0
3:1,200,820,510,511,380,131,0.2111111111111111,111.19473684210526,42254.0,131,307.6763157894737,116917.0,breakdown,3,1800.0,600.0,2400.0,313,48,83,428,511,0,0
3:1,200,820,510,511,383,128,0.2127777777777778,111.7780678851175,42811.0,128,305.10966057441254,116857.0,breakdown,4,1800.0,600.0,2400.0,320,46,82,429,511,0,0
3:1,200,820,510,511,378,133,0.21,119.1984126984127,45057.0,133,309.62698412698415,117039.0,breakdown,5,1800.0,600.0,2400.0,330,45,88,423,511,0,0
5:1,200,818,509,509,377,132,0.20944444444444443,124.96551724137932,47112.0,132,309.8965517241379,116831.0,breakdown,1,1800.0,600.0,2400.0,330,46,86,423,509,0,0
5:1,200,818,509,509,372,137,0.20666666666666667,129.3494623655914,48118.0,137,316.19354838709677,117624.0,breakdown,2,1800.0,600.0,2400.0,333,44,93,416,509,0,0
5:1,200,818,509,509,377,132,0.20944444444444443,116.88594164456234,44066.0,132,310.2307692307692,116957.0,breakdown,3,1800.0,600.0,2400.0,309,49,83,426,509,0,0
5:1,200,818,509,509,383,126,0.2127777777777778,103.69190600522194,39714.0,126,304.45430809399477,116606.0,breakdown,4,1800.0,600.0,2400.0,312,47,79,430,509,0,0
5:1,200,818,509,509,370,139,0.20555555555555555,126.8945945945946,46951.0,139,315.5648648648649,116759.0,breakdown,5,1800.0,600.0,2400.0,338,48,91,418,509,0,0
5:1,200,819,510,510,381,129,0.21166666666666667,117.53805774278216,44782.0,129,307.2204724409449,117051.0,breakdown,1,1800.0,600.0,2400.0,322,44,85,425,510,0,0
5:1,200,819,510,510,364,146,0.20222222222222222,141.1565934065934,51381.0,146,323.35714285714283,117702.0,breakdown,2,1800.0,600.0,2400.0,341,45,101,409,510,0,0
5:1,200,819,510,510,377,133,0.20944444444444443,117.18037135278514,44177.0,133,311.7400530503979,117526.0,breakdown,3,1800.0,600.0,2400.0,312,44,89,421,510,0,0
5:1,200,819,510,510,379,131,0.21055555555555555,118.11873350923483,44767.0,131,308.6754617414248,116988.0,breakdown,4,1800.0,600.0,2400.0,321,46,85,425,510,0,0
5:1,200,819,510,510,369,141,0.205,130.41463414634146,48123.0,141,316.520325203252,116796.0,breakdown,5,1800.0,600.0,2400.0,340,48,93,417,510,0,0
5:1,200,820,510,511,381,130,0.21166666666666667,119.1233595800525,45386.0,130,306.2283464566929,116673.0,breakdown,1,1800.0,600.0,2400.0,318,46,84,427,511,0,0
5:1,200,820,510,511,371,140,0.2061111111111111,130.4366576819407,48392.0,140,317.366576819407,117743.0,breakdown,2,1800.0,600.0,2400.0,333,44,96,415,511,0,0
5:1,200,820,510,511,377,134,0.20944444444444443,116.60477453580901,43960.0,134,310.7586206896552,117156.0,breakdown,3,1800.0,600.0,2400.0,318,46,88,423,511,0,0
5:1,200,820,510,511,377,134,0.20944444444444443,123.72413793103448,46644.0,134,311.1140583554377,117290.0,breakdown,4,1800.0,600.0,2400.0,327,45,89,422,511,0,0
5:1,200,820,510,511,372,139,0.20666666666666667,130.6747311827957,48611.0,139,314.26344086021504,116906.0,breakdown,5,1800.0,600.0,2400.0,342,47,92,419,511,0,0
